Workbook

Sheet 1
A1: وزارة الصحة والسكان | AB1: وزارة الصحة والسكان | AW1: وزارة الصحة والسكان
A2: قطاع الطب الوقائي والصحة العامة | AB2: قطاع الطب الوقائي والصحة العامة | AW2: قطاع الطب الوقائي والصحة العامة
A3: الإدارة المركزية للصحة العامة | AB3: الإدارة المركزية للصحة العامة | AW3: الإدارة المركزية للصحة العامة
A4: الإدارة العامة لمكافحة الأمراض المعدية | AB4: الإدارة العامة لمكافحة الأمراض المعدية | AW4: الإدارة العامة لمكافحة الأمراض المعدية
A5: البرنامج الموسع للتطعيمات | AB5: البرنامج الموسع للتطعيمات | AW5: البرنامج الموسع للتطعيمات
A6: بيان باعداد المتطعمين و المتغيبين و الاثار الجانبية بالحملة القومية للتطعيم بطعم MR | AF6: البلاغ اليومى لحركة الطعوم بالحملة القومية للتطعيم بطعم MR | AY6: بيان المدارس و الحضانات بالحملة القومية للتطعيم بطعم MR
A7: مديرية الشئون الصحية / المنوفية الإدارة الصحية / قويسنا التاريخ / 25/10/2026 اليوم / الاحد | AJ7: مديرية الشئون الصحية / الإدارة الصحية / التاريخ/ اليوم / | BC7: مديرية الشئون الصحية / الإدارة الصحية / التاريخ/ اليوم /
A8: م | B8: اسم الوحدة/ مكتب الصحة | C8: المستهدف | D8: عدد الفرق | E8: المتطعمين المصريين | K8: المتطعمين غير المصريين | Q8: الاجمالى | S8: النسبة | T8: المتغيبين عن التطعيم | V8: المطعمين من المتغيبين | X8: الاثار الجانبية | AB8: م | AC8: اسم الوحدة | AD8: الرصيد اول اليوم | AE8: عدد الزجاجات الواردة | AG8: عدد الزجاجات المستهلكة | AI8: عدد الزجاجات المتبقية | AJ8: معدل الزجاجة اليوم | AK8: معدل الزجاجة حتي اليوم | AM8: مخزن طعوم الادارة | AN8: التشغيلة | AO8: الرصيد اول اليوم | AP8: عدد الزجاجات الواردة | AR8: عدد الزجاجات المنصرفة | AT8: عدد الزجاجات المتبقية | AW8: اسم الوحدة | AX8: بيان المدارس | BD8: بيان الحضانات
E9: من 9 شهور لأقل من عام | G9: من عام لأقل من5 سنوات | I9: من 5 سنوات الى 10 سنة | K9: من 9 شهور لأقل من عام | M9: من عام لأقل من5 سنوات | O9: من 5 سنوات الى 10 سنة | AP9: اليوم | AQ9: حتى اليوم | AR9: اليوم | AS9: حتى اليوم | AX9: عدد المدارس | AY9: المستهدف | AZ9: عدد المدارس التي تم زيارتها حتى اليوم | BA9: عدد المتطعمين اليوم | BB9: عدد المتطعمين حتى اليوم | BC9: النسبة | BD9: عدد الحضانات | BE9: المستهدف | BF9: عدد الحضانات التي تم زيارتها حتى اليوم | BG9: عدد المتطعمين اليوم | BH9: عدد المتطعمين حتى اليوم | BI9: النسبة
E10: اليوم | F10: حتى اليوم | G10: اليوم | H10: حتى اليوم | I10: اليوم | J10: حتى اليوم | K10: اليوم | L10: حتى اليوم | M10: اليوم | N10: حتى اليوم | O10: اليوم | P10: حتى اليوم | Q10: اليوم | R10: حتى اليوم | T10: اليوم | U10: حتى اليوم | V10: اليوم | W10: حتى اليوم | X10: اليوم | Y10: حتى اليوم | AE10: اليوم | AF10: حتى اليوم | AG10: اليوم | AH10: حتى اليوم | AN10: 0124W120 | AO10: 73 | AP10: 0 | AQ10: =AO10+AP10 -> 73 | AR10: 0 | AS10: =AR10 -> 0 | AT10: =AO10+AP10-AR10 -> 73
A11: 1 | B11: مكتب الصحة | C11: 12251 | D11: 13 | E11: 11 | F11: =E11 -> 11 | G11: 417 | H11: =G11 -> 417 | I11: 2013 | J11: =I11 -> 2013 | K11: 0 | L11: =K11 -> 0 | M11: 0 | N11: =M11 -> 0 | O11: 0 | P11: =O11 -> 0 | Q11: =O11+M11+K11+I11+G11+E11 -> 2441 | R11: =Q11 -> 2441 | S11: =R11/C11 -> 0.19924904 | T11: 402 | U11: =T11 -> 402 | V11: 0 | W11: =V11 -> 0 | X11: 0 | Y11: =X11 -> 0 | AB11: 1 | AC11: =AW11 -> مكتب الصحة | AD11: 1076 | AE11: 0 | AF11: =AD11+AE11 -> 1076 | AG11: 249 | AH11: =AG11 -> 249 | AI11: =AD11+AE11-AG11 -> 827 | AJ11: =Q11/AG11 -> 9.8032129 | AK11: =R11/AH11 -> 9.8032129 | AN11: 420604325A | AO11: 8550 | AP11: 0 | AQ11: =AO11+AP11 -> 8550 | AR11: 2120 | AS11: =AR11 -> 2120 | AT11: =AO11+AP11-AR11 -> 6430 | AW11: =B11 -> مكتب الصحة | AX11: 11 | AY11: 8411 | AZ11: 4 | BA11: 2251 | BB11: =BA11 -> 2251 | BC11: =BB11/AY11 -> 0.26762573 | BD11: 27 | BE11: 1746 | BF11: 0 | BG11: 0 | BH11: =BG11 -> 0 | BI11: =BH11/BE11 -> 0
A12: 2 | B12: شبرابخـــــــــــوم | C12: 4445 | D12: 4 | E12: 1 | F12: =E12 -> 1 | G12: 25 | H12: =G12 -> 25 | I12: 652 | J12: =I12 -> 652 | K12: 0 | L12: =K12 -> 0 | M12: 0 | N12: =M12 -> 0 | O12: 0 | P12: =O12 -> 0 | Q12: =O12+M12+K12+I12+G12+E12 -> 678 | R12: =Q12 -> 678 | S12: =R12/C12 -> 0.15253093 | T12: 102 | U12: =T12 -> 102 | V12: 1 | W12: =V12 -> 1 | X12: 0 | Y12: =X12 -> 0 | AB12: 2 | AC12: =AW12 -> شبرابخـــــــــــوم | AD12: 390 | AE12: 0 | AF12: =AD12+AE12 -> 390 | AG12: 70 | AH12: =AG12 -> 70 | AI12: =AD12+AE12-AG12 -> 320 | AJ12: =Q12/AG12 -> 9.6857143 | AK12: =R12/AH12 -> 9.6857143 | AQ12: =AO12+AP12 -> 0 | AS12: =AR12 -> 0 | AT12: =AO12+AP12-AR12 -> 0 | AW12: =B12 -> شبرابخـــــــــــوم | AX12: 6 | AY12: 2215 | AZ12: 2 | BA12: 678 | BB12: =BA12 -> 678 | BC12: =BB12/AY12 -> 0.30609481 | BD12: 16 | BE12: 729 | BF12: 0 | BG12: 0 | BH12: =BG12 -> 0 | BI12: =BH12/BE12 -> 0
A13: 3 | B13: ميت بره | C13: 11614 | D13: 8 | E13: 13 | F13: =E13 -> 13 | G13: 45 | H13: =G13 -> 45 | I13: 1545 | J13: =I13 -> 1545 | K13: 0 | L13: =K13 -> 0 | M13: 0 | N13: =M13 -> 0 | O13: 0 | P13: =O13 -> 0 | Q13: =O13+M13+K13+I13+G13+E13 -> 1603 | R13: =Q13 -> 1603 | S13: =R13/C13 -> 0.13802308 | T13: 199 | U13: =T13 -> 199 | V13: 0 | W13: =V13 -> 0 | X13: 0 | Y13: =X13 -> 0 | AB13: 3 | AC13: =AW13 -> ميت بره | AD13: 1020 | AE13: 0 | AF13: =AD13+AE13 -> 1020 | AG13: 163 | AH13: =AG13 -> 163 | AI13: =AD13+AE13-AG13 -> 857 | AJ13: =Q13/AG13 -> 9.8343558 | AK13: =R13/AH13 -> 9.8343558 | AN13: اجمالي المخزن | AO13: =SUM(AO10:AO12) -> 8623 | AP13: =SUM(AP10:AP12) -> 0 | AQ13: =SUM(AQ10:AQ12) -> 8623 | AR13: =SUM(AR10:AR12) -> 2120 | AS13: =SUM(AS10:AS12) -> 2120 | AT13: =SUM(AT10:AT12) -> 6503 | AW13: =B13 -> ميت بره | AX13: 8 | AY13: 4849 | AZ13: 3 | BA13: 1533 | BB13: =BA13 -> 1533 | BC13: =BB13/AY13 -> 0.31614766 | BD13: 21 | BE13: 1129 | BF13: 0 | BG13: 0 | BH13: =BG13 -> 0 | BI13: =BH13/BE13 -> 0
A14: 4 | B14: أبنــــــــــــــــهس | C14: 5029 | D14: 4 | E14: 4 | F14: =E14 -> 4 | G14: 29 | H14: =G14 -> 29 | I14: 886 | J14: =I14 -> 886 | K14: 0 | L14: =K14 -> 0 | M14: 0 | N14: =M14 -> 0 | O14: 0 | P14: =O14 -> 0 | Q14: =O14+M14+K14+I14+G14+E14 -> 919 | R14: =Q14 -> 919 | S14: =R14/C14 -> 0.18274011 | T14: 77 | U14: =T14 -> 77 | V14: 0 | W14: =V14 -> 0 | X14: 0 | Y14: =X14 -> 0 | AB14: 4 | AC14: =AW14 -> أبنــــــــــــــــهس | AD14: 440 | AE14: 0 | AF14: =AD14+AE14 -> 440 | AG14: 94 | AH14: =AG14 -> 94 | AI14: =AD14+AE14-AG14 -> 346 | AJ14: =Q14/AG14 -> 9.7765957 | AK14: =R14/AH14 -> 9.7765957 | AM14: احمالي الوحدات ومخزن الادارة | AT14: =AT13+AI51 -> 12933 | AW14: =B14 -> أبنــــــــــــــــهس | AX14: 7 | AY14: 2531 | AZ14: 3 | BA14: 919 | BB14: =BA14 -> 919 | BC14: =BB14/AY14 -> 0.36309759 | BD14: 23 | BE14: 921 | BF14: 0 | BG14: 0 | BH14: =BG14 -> 0 | BI14: =BH14/BE14 -> 0
A15: 5 | B15: ميت ســـــــــراج | C15: 2369 | D15: 3 | E15: 1 | F15: =E15 -> 1 | G15: 182 | H15: =G15 -> 182 | I15: 265 | J15: =I15 -> 265 | K15: 0 | L15: =K15 -> 0 | M15: 0 | N15: =M15 -> 0 | O15: 0 | P15: =O15 -> 0 | Q15: =O15+M15+K15+I15+G15+E15 -> 448 | R15: =Q15 -> 448 | S15: =R15/C15 -> 0.18910933 | T15: 49 | U15: =T15 -> 49 | V15: 0 | W15: =V15 -> 0 | X15: 0 | Y15: =X15 -> 0 | AB15: 5 | AC15: =AW15 -> ميت ســـــــــراج | AD15: 209 | AE15: 0 | AF15: =AD15+AE15 -> 209 | AG15: 46 | AH15: =AG15 -> 46 | AI15: =AD15+AE15-AG15 -> 163 | AJ15: =Q15/AG15 -> 9.7391304 | AK15: =R15/AH15 -> 9.7391304 | AW15: =B15 -> ميت ســـــــــراج | AX15: 2 | AY15: 1041 | AZ15: 1 | BA15: 307 | BB15: =BA15 -> 307 | BC15: =BB15/AY15 -> 0.29490874 | BD15: 5 | BE15: 310 | BF15: 3 | BG15: 141 | BH15: =BG15 -> 141 | BI15: =BH15/BE15 -> 0.45483871
A16: 6 | B16: أم خــــــــــــــنان | C16: 4900 | D16: 4 | E16: 3 | F16: =E16 -> 3 | G16: 121 | H16: =G16 -> 121 | I16: 669 | J16: =I16 -> 669 | K16: 0 | L16: =K16 -> 0 | M16: 0 | N16: =M16 -> 0 | O16: 0 | P16: =O16 -> 0 | Q16: =O16+M16+K16+I16+G16+E16 -> 793 | R16: =Q16 -> 793 | S16: =R16/C16 -> 0.16183673 | T16: 114 | U16: =T16 -> 114 | V16: 0 | W16: =V16 -> 0 | X16: 0 | Y16: =X16 -> 0 | AB16: 6 | AC16: =AW16 -> أم خــــــــــــــنان | AD16: 430 | AE16: 0 | AF16: =AD16+AE16 -> 430 | AG16: 80 | AH16: =AG16 -> 80 | AI16: =AD16+AE16-AG16 -> 350 | AJ16: =Q16/AG16 -> 9.9125 | AK16: =R16/AH16 -> 9.9125 | AW16: =B16 -> أم خــــــــــــــنان | AX16: 8 | AY16: 2981 | AZ16: 1 | BA16: 764 | BB16: =BA16 -> 764 | BC16: =BB16/AY16 -> 0.25628984 | BD16: 12 | BE16: 1313 | BF16: 0 | BG16: 0 | BH16: =BG16 -> 0 | BI16: =BH16/BE16 -> 0
A17: 7 | B17: أجهور الرمل | C17: 3590 | D17: 3 | E17: 1 | F17: =E17 -> 1 | G17: 210 | H17: =G17 -> 210 | I17: 629 | J17: =I17 -> 629 | K17: 0 | L17: =K17 -> 0 | M17: 0 | N17: =M17 -> 0 | O17: 0 | P17: =O17 -> 0 | Q17: =O17+M17+K17+I17+G17+E17 -> 840 | R17: =Q17 -> 840 | S17: =R17/C17 -> 0.23398329 | T17: 161 | U17: =T17 -> 161 | V17: 0 | W17: =V17 -> 0 | X17: 0 | Y17: =X17 -> 0 | AB17: 7 | AC17: =AW17 -> أجهور الرمل | AD17: 316 | AE17: 0 | AF17: =AD17+AE17 -> 316 | AG17: 86 | AH17: =AG17 -> 86 | AI17: =AD17+AE17-AG17 -> 230 | AJ17: =Q17/AG17 -> 9.7674419 | AK17: =R17/AH17 -> 9.7674419 | AW17: =B17 -> أجهور الرمل | AX17: 4 | AY17: 1796 | AZ17: 1 | BA17: 598 | BB17: =BA17 -> 598 | BC17: =BB17/AY17 -> 0.33296214 | BD17: 3 | BE17: 100 | BF17: 2 | BG17: 242 | BH17: =BG17 -> 242 | BI17: =BH17/BE17 -> 2.42
A18: 8 | B18: منشأة دمــــــــــلو | C18: 1320 | D18: 2 | E18: 11 | F18: =E18 -> 11 | G18: 98 | H18: =G18 -> 98 | I18: 502 | J18: =I18 -> 502 | K18: 0 | L18: =K18 -> 0 | M18: 0 | N18: =M18 -> 0 | O18: 0 | P18: =O18 -> 0 | Q18: =O18+M18+K18+I18+G18+E18 -> 611 | R18: =Q18 -> 611 | S18: =R18/C18 -> 0.46287879 | T18: 91 | U18: =T18 -> 91 | V18: 8 | W18: =V18 -> 8 | X18: 0 | Y18: =X18 -> 0 | AB18: 8 | AC18: =AW18 -> منشأة دمــــــــــلو | AD18: 115 | AE18: 0 | AF18: =AD18+AE18 -> 115 | AG18: 63 | AH18: =AG18 -> 63 | AI18: =AD18+AE18-AG18 -> 52 | AJ18: =Q18/AG18 -> 9.6984127 | AK18: =R18/AH18 -> 9.6984127 | AW18: =B18 -> منشأة دمــــــــــلو | AX18: 2 | AY18: 896 | AZ18: 1 | BA18: 561 | BB18: =BA18 -> 561 | BC18: =BB18/AY18 -> 0.62611607 | BD18: 8 | BE18: 340 | BF18: 1 | BG18: 0 | BH18: =BG18 -> 0 | BI18: =BH18/BE18 -> 0
A19: 9 | B19: شـــــــــــــرانيس | C19: 1414 | D19: 2 | E19: 7 | F19: =E19 -> 7 | G19: 14 | H19: =G19 -> 14 | I19: 424 | J19: =I19 -> 424 | K19: 0 | L19: =K19 -> 0 | M19: 0 | N19: =M19 -> 0 | O19: 0 | P19: =O19 -> 0 | Q19: =O19+M19+K19+I19+G19+E19 -> 445 | R19: =Q19 -> 445 | S19: =R19/C19 -> 0.31471004 | T19: 46 | U19: =T19 -> 46 | V19: 0 | W19: =V19 -> 0 | X19: 0 | Y19: =X19 -> 0 | AB19: 9 | AC19: =AW19 -> شـــــــــــــرانيس | AD19: 125 | AE19: 0 | AF19: =AD19+AE19 -> 125 | AG19: 46 | AH19: =AG19 -> 46 | AI19: =AD19+AE19-AG19 -> 79 | AJ19: =Q19/AG19 -> 9.673913 | AK19: =R19/AH19 -> 9.673913 | AW19: =B19 -> شـــــــــــــرانيس | AX19: 2 | AY19: 675 | AZ19: 1 | BA19: 427 | BB19: =BA19 -> 427 | BC19: =BB19/AY19 -> 0.63259259 | BD19: 2 | BE19: 397 | BF19: 0 | BG19: 0 | BH19: =BG19 -> 0 | BI19: =BH19/BE19 -> 0
A20: 10 | B20: قويســـــــــنا البلد | C20: 4115 | D20: 3 | E20: 14 | F20: =E20 -> 14 | G20: 32 | H20: =G20 -> 32 | I20: 527 | J20: =I20 -> 527 | K20: 0 | L20: =K20 -> 0 | M20: 0 | N20: =M20 -> 0 | O20: 0 | P20: =O20 -> 0 | Q20: =O20+M20+K20+I20+G20+E20 -> 573 | R20: =Q20 -> 573 | S20: =R20/C20 -> 0.13924666 | T20: 154 | U20: =T20 -> 154 | V20: 0 | W20: =V20 -> 0 | X20: 0 | Y20: =X20 -> 0 | AB20: 10 | AC20: =AW20 -> قويســـــــــنا البلد | AD20: 360 | AE20: 0 | AF20: =AD20+AE20 -> 360 | AG20: 58 | AH20: =AG20 -> 58 | AI20: =AD20+AE20-AG20 -> 302 | AJ20: =Q20/AG20 -> 9.8793103 | AK20: =R20/AH20 -> 9.8793103 | AW20: =B20 -> قويســـــــــنا البلد | AX20: 2 | AY20: 1539 | AZ20: 1 | BA20: 523 | BB20: =BA20 -> 523 | BC20: =BB20/AY20 -> 0.33983106 | BD20: 7 | BE20: 580 | BF20: 0 | BG20: 0 | BH20: =BG20 -> 0 | BI20: =BH20/BE20 -> 0
A21: 11 | B21: بجيرم | C21: 1782 | D21: 3 | E21: 5 | F21: =E21 -> 5 | G21: 101 | H21: =G21 -> 101 | I21: 405 | J21: =I21 -> 405 | K21: 0 | L21: =K21 -> 0 | M21: 0 | N21: =M21 -> 0 | O21: 0 | P21: =O21 -> 0 | Q21: =O21+M21+K21+I21+G21+E21 -> 511 | R21: =Q21 -> 511 | S21: =R21/C21 -> 0.28675645 | T21: 56 | U21: =T21 -> 56 | V21: 0 | W21: =V21 -> 0 | X21: 0 | Y21: =X21 -> 0 | AB21: 11 | AC21: =AW21 -> بجيرم | AD21: 157 | AE21: 0 | AF21: =AD21+AE21 -> 157 | AG21: 52 | AH21: =AG21 -> 52 | AI21: =AD21+AE21-AG21 -> 105 | AJ21: =Q21/AG21 -> 9.8269231 | AK21: =R21/AH21 -> 9.8269231 | AW21: =B21 -> بجيرم | AX21: 4 | AY21: 946 | AZ21: 1 | BA21: 460 | BB21: =BA21 -> 460 | BC21: =BB21/AY21 -> 0.48625793 | BD21: 4 | BE21: 99 | BF21: 0 | BG21: 0 | BH21: =BG21 -> 0 | BI21: =BH21/BE21 -> 0
A22: 12 | B22: كفر بنى غريـــان | C22: 2184 | D22: 3 | E22: 3 | F22: =E22 -> 3 | G22: 181 | H22: =G22 -> 181 | I22: 442 | J22: =I22 -> 442 | K22: 0 | L22: =K22 -> 0 | M22: 0 | N22: =M22 -> 0 | O22: 0 | P22: =O22 -> 0 | Q22: =O22+M22+K22+I22+G22+E22 -> 626 | R22: =Q22 -> 626 | S22: =R22/C22 -> 0.28663004 | T22: 68 | U22: =T22 -> 68 | V22: 0 | W22: =V22 -> 0 | X22: 0 | Y22: =X22 -> 0 | AB22: 12 | AC22: =AW22 -> كفر بنى غريـــان | AD22: 192 | AE22: 0 | AF22: =AD22+AE22 -> 192 | AG22: 63 | AH22: =AG22 -> 63 | AI22: =AD22+AE22-AG22 -> 129 | AJ22: =Q22/AG22 -> 9.9365079 | AK22: =R22/AH22 -> 9.9365079 | AW22: =B22 -> كفر بنى غريـــان | AX22: 3 | AY22: 1327 | AZ22: 1 | BA22: 566 | BB22: =BA22 -> 566 | BC22: =BB22/AY22 -> 0.426526 | BD22: 9 | BE22: 381 | BF22: 1 | BG22: 134 | BH22: =BG22 -> 134 | BI22: =BH22/BE22 -> 0.35170604
A23: 13 | B23: بــقســـــــــــــــــا | C23: 862 | D23: 2 | E23: 4 | F23: =E23 -> 4 | G23: 38 | H23: =G23 -> 38 | I23: 326 | J23: =I23 -> 326 | K23: 0 | L23: =K23 -> 0 | M23: 0 | N23: =M23 -> 0 | O23: 0 | P23: =O23 -> 0 | Q23: =O23+M23+K23+I23+G23+E23 -> 368 | R23: =Q23 -> 368 | S23: =R23/C23 -> 0.42691415 | T23: 27 | U23: =T23 -> 27 | V23: 5 | W23: =V23 -> 5 | X23: 0 | Y23: =X23 -> 0 | AB23: 13 | AC23: =AW23 -> بــقســـــــــــــــــا | AD23: 75 | AE23: 0 | AF23: =AD23+AE23 -> 75 | AG23: 37 | AH23: =AG23 -> 37 | AI23: =AD23+AE23-AG23 -> 38 | AJ23: =Q23/AG23 -> 9.9459459 | AK23: =R23/AH23 -> 9.9459459 | AW23: =B23 -> بــقســـــــــــــــــا | AX23: 1 | AY23: 311 | AZ23: 1 | BA23: 288 | BB23: =BA23 -> 288 | BC23: =BB23/AY23 -> 0.92604502 | BD23: 1 | BE23: 40 | BF23: 0 | BG23: 0 | BH23: =BG23 -> 0 | BI23: =BH23/BE23 -> 0
A24: 14 | B24: كفــــــــر الأكرم | C24: 918 | D24: 2 | E24: 0 | F24: =E24 -> 0 | G24: 62 | H24: =G24 -> 62 | I24: 185 | J24: =I24 -> 185 | K24: 0 | L24: =K24 -> 0 | M24: 0 | N24: =M24 -> 0 | O24: 0 | P24: =O24 -> 0 | Q24: =O24+M24+K24+I24+G24+E24 -> 247 | R24: =Q24 -> 247 | S24: =R24/C24 -> 0.26906318 | T24: 36 | U24: =T24 -> 36 | V24: 0 | W24: =V24 -> 0 | X24: 0 | Y24: =X24 -> 0 | AB24: 14 | AC24: =AW24 -> كفــــــــر الأكرم | AD24: 80 | AE24: 0 | AF24: =AD24+AE24 -> 80 | AG24: 25 | AH24: =AG24 -> 25 | AI24: =AD24+AE24-AG24 -> 55 | AJ24: =Q24/AG24 -> 9.88 | AK24: =R24/AH24 -> 9.88 | AW24: =B24 -> كفــــــــر الأكرم | AX24: 2 | AY24: 540 | AZ24: 1 | BA24: 185 | BB24: =BA24 -> 185 | BC24: =BB24/AY24 -> 0.34259259 | BD24: 2 | BE24: 115 | BF24: 1 | BG24: 32 | BH24: =BG24 -> 32 | BI24: =BH24/BE24 -> 0.27826087
A25: 15 | B25: كفـــــــــر إبنهس | C25: 2072 | D25: 3 | E25: 0 | F25: =E25 -> 0 | G25: 4 | H25: =G25 -> 4 | I25: 605 | J25: =I25 -> 605 | K25: 0 | L25: =K25 -> 0 | M25: 0 | N25: =M25 -> 0 | O25: 0 | P25: =O25 -> 0 | Q25: =O25+M25+K25+I25+G25+E25 -> 609 | R25: =Q25 -> 609 | S25: =R25/C25 -> 0.29391892 | T25: 108 | U25: =T25 -> 108 | V25: 0 | W25: =V25 -> 0 | X25: 0 | Y25: =X25 -> 0 | AB25: 15 | AC25: =AW25 -> كفـــــــــر إبنهس | AD25: 180 | AE25: 0 | AF25: =AD25+AE25 -> 180 | AG25: 76 | AH25: =AG25 -> 76 | AI25: =AD25+AE25-AG25 -> 104 | AJ25: =Q25/AG25 -> 8.0131579 | AK25: =R25/AH25 -> 8.0131579 | AW25: =B25 -> كفـــــــــر إبنهس | AX25: 3 | AY25: 1013 | AZ25: 3 | BA25: 602 | BB25: =BA25 -> 602 | BC25: =BB25/AY25 -> 0.59427443 | BD25: 4 | BE25: 620 | BF25: 0 | BG25: 0 | BH25: =BG25 -> 0 | BI25: =BH25/BE25 -> 0
A26: 16 | B26: الرمــــــــــــــالى | C26: 2699 | D26: 3 | E26: 5 | F26: =E26 -> 5 | G26: 133 | H26: =G26 -> 133 | I26: 341 | J26: =I26 -> 341 | K26: 0 | L26: =K26 -> 0 | M26: 0 | N26: =M26 -> 0 | O26: 0 | P26: =O26 -> 0 | Q26: =O26+M26+K26+I26+G26+E26 -> 479 | R26: =Q26 -> 479 | S26: =R26/C26 -> 0.17747314 | T26: 36 | U26: =T26 -> 36 | V26: 0 | W26: =V26 -> 0 | X26: 1 | Y26: =X26 -> 1 | AB26: 16 | AC26: =AW26 -> الرمــــــــــــــالى | AD26: 235 | AE26: 0 | AF26: =AD26+AE26 -> 235 | AG26: 49 | AH26: =AG26 -> 49 | AI26: =AD26+AE26-AG26 -> 186 | AJ26: =Q26/AG26 -> 9.7755102 | AK26: =R26/AH26 -> 9.7755102 | AW26: =B26 -> الرمــــــــــــــالى | AX26: 3 | AY26: 1486 | AZ26: 1 | BA26: 425 | BB26: =BA26 -> 425 | BC26: =BB26/AY26 -> 0.28600269 | BD26: 3 | BE26: 98 | BF26: 0 | BG26: 0 | BH26: =BG26 -> 0 | BI26: =BH26/BE26 -> 0
... A44: 34 | B44: منشأة أم خنان | C44: 510 | D44: 2 | E44: 6 | F44: =E44 -> 6 | G44: 25 | H44: =G44 -> 25 | I44: 276 | J44: =I44 -> 276 | K44: 0 | L44: =K44 -> 0 | M44: 0 | N44: =M44 -> 0 | O44: 0 | P44: =O44 -> 0 | Q44: =O44+M44+K44+I44+G44+E44 -> 307 | R44: =Q44 -> 307 | S44: =R44/C44 -> 0.60196078 | T44: 7 | U44: =T44 -> 7 | V44: 1 | W44: =V44 -> 1 | X44: 0 | Y44: =X44 -> 0 | AB44: 34 | AC44: =AW44 -> منشأة أم خنان | AD44: 45 | AE44: 0 | AF44: =AD44+AE44 -> 45 | AG44: 31 | AH44: =AG44 -> 31 | AI44: =AD44+AE44-AG44 -> 14 | AJ44: =Q44/AG44 -> 9.9032258 | AK44: =R44/AH44 -> 9.9032258 | AW44: =B44 -> منشأة أم خنان | AX44: 1 | AY44: 277 | AZ44: 1 | BA44: 269 | BB44: =BA44 -> 269 | BC44: =BB44/AY44 -> 0.97111913 | BD44: 3 | BE44: 170 | BF44: 0 | BG44: 0 | BH44: =BG44 -> 0 | BI44: =BH44/BE44 -> 0
A45: 35 | F45: =E45 -> 0 | H45: =G45 -> 0 | J45: =I45 -> 0 | L45: =K45 -> 0 | N45: =M45 -> 0 | P45: =O45 -> 0 | Q45: =O45+M45+K45+I45+G45+E45 -> 0 | R45: =Q45 -> 0 | S45: =R45/C45 -> #DIV/0! | U45: =T45 -> 0 | W45: =V45 -> 0 | Y45: =X45 -> 0 | AB45: 35 | AC45: =AW45 -> 0 | AF45: =AD45+AE45 -> 0 | AH45: =AG45 -> 0 | AI45: =AD45+AE45-AG45 -> 0 | AJ45: =Q45/AG45 -> #DIV/0! | AK45: =R45/AH45 -> #DIV/0! | AW45: =B45 -> 0 | BB45: =BA45 -> 0 | BC45: =BB45/AY45 -> #DIV/0! | BH45: =BG45 -> 0 | BI45: =BH45/BE45 -> #DIV/0!
A46: 36 | F46: =E46 -> 0 | H46: =G46 -> 0 | J46: =I46 -> 0 | L46: =K46 -> 0 | N46: =M46 -> 0 | P46: =O46 -> 0 | Q46: =O46+M46+K46+I46+G46+E46 -> 0 | R46: =Q46 -> 0 | S46: =R46/C46 -> #DIV/0! | U46: =T46 -> 0 | W46: =V46 -> 0 | Y46: =X46 -> 0 | AB46: 36 | AC46: =AW46 -> 0 | AF46: =AD46+AE46 -> 0 | AH46: =AG46 -> 0 | AI46: =AD46+AE46-AG46 -> 0 | AJ46: =Q46/AG46 -> #DIV/0! | AK46: =R46/AH46 -> #DIV/0! | AW46: =B46 -> 0 | BB46: =BA46 -> 0 | BC46: =BB46/AY46 -> #DIV/0! | BH46: =BG46 -> 0 | BI46: =BH46/BE46 -> #DIV/0!
A47: 37 | F47: =E47 -> 0 | H47: =G47 -> 0 | J47: =I47 -> 0 | L47: =K47 -> 0 | N47: =M47 -> 0 | P47: =O47 -> 0 | Q47: =O47+M47+K47+I47+G47+E47 -> 0 | R47: =Q47 -> 0 | S47: =R47/C47 -> #DIV/0! | U47: =T47 -> 0 | W47: =V47 -> 0 | Y47: =X47 -> 0 | AB47: 37 | AC47: =AW47 -> 0 | AF47: =AD47+AE47 -> 0 | AH47: =AG47 -> 0 | AI47: =AD47+AE47-AG47 -> 0 | AJ47: =Q47/AG47 -> #DIV/0! | AK47: =R47/AH47 -> #DIV/0! | AW47: =B47 -> 0 | BB47: =BA47 -> 0 | BC47: =BB47/AY47 -> #DIV/0! | BH47: =BG47 -> 0 | BI47: =BH47/BE47 -> #DIV/0!
A48: 38 | F48: =E48 -> 0 | H48: =G48 -> 0 | J48: =I48 -> 0 | L48: =K48 -> 0 | N48: =M48 -> 0 | P48: =O48 -> 0 | Q48: =O48+M48+K48+I48+G48+E48 -> 0 | R48: =Q48 -> 0 | S48: =R48/C48 -> #DIV/0! | U48: =T48 -> 0 | W48: =V48 -> 0 | Y48: =X48 -> 0 | AB48: 38 | AC48: =AW48 -> 0 | AF48: =AD48+AE48 -> 0 | AH48: =AG48 -> 0 | AI48: =AD48+AE48-AG48 -> 0 | AJ48: =Q48/AG48 -> #DIV/0! | AK48: =R48/AH48 -> #DIV/0! | AW48: =B48 -> 0 | BB48: =BA48 -> 0 | BC48: =BB48/AY48 -> #DIV/0! | BH48: =BG48 -> 0 | BI48: =BH48/BE48 -> #DIV/0!
A49: 39 | F49: =E49 -> 0 | H49: =G49 -> 0 | J49: =I49 -> 0 | L49: =K49 -> 0 | N49: =M49 -> 0 | P49: =O49 -> 0 | Q49: =O49+M49+K49+I49+G49+E49 -> 0 | R49: =Q49 -> 0 | S49: =R49/C49 -> #DIV/0! | U49: =T49 -> 0 | W49: =V49 -> 0 | Y49: =X49 -> 0 | AB49: 39 | AC49: =AW49 -> 0 | AF49: =AD49+AE49 -> 0 | AH49: =AG49 -> 0 | AI49: =AD49+AE49-AG49 -> 0 | AJ49: =Q49/AG49 -> #DIV/0! | AK49: =R49/AH49 -> #DIV/0! | AW49: =B49 -> 0 | BB49: =BA49 -> 0 | BC49: =BB49/AY49 -> #DIV/0! | BH49: =BG49 -> 0 | BI49: =BH49/BE49 -> #DIV/0!
A50: 40 | F50: =E50 -> 0 | H50: =G50 -> 0 | J50: =I50 -> 0 | L50: =K50 -> 0 | N50: =M50 -> 0 | P50: =O50 -> 0 | Q50: =O50+M50+K50+I50+G50+E50 -> 0 | R50: =Q50 -> 0 | S50: =R50/C50 -> #DIV/0! | U50: =T50 -> 0 | W50: =V50 -> 0 | Y50: =X50 -> 0 | AB50: 40 | AC50: =AW50 -> 0 | AF50: =AD50+AE50 -> 0 | AH50: =AG50 -> 0 | AI50: =AD50+AE50-AG50 -> 0 | AJ50: =Q50/AG50 -> #DIV/0! | AK50: =R50/AH50 -> #DIV/0! | AW50: =B50 -> 0 | BB50: =BA50 -> 0 | BC50: =BB50/AY50 -> #DIV/0! | BH50: =BG50 -> 0 | BI50: =BH50/BE50 -> #DIV/0!
A51: الاجمالي | C51: =SUM(C11:C50) -> 97446 | D51: =SUM(D11:D50) -> 107 | E51: =SUM(E11:E50) -> 178 | F51: =SUM(F11:F50) -> 178 | G51: =SUM(G11:G50) -> 3195 | H51: =SUM(H11:H50) -> 3195 | I51: =SUM(I11:I50) -> 17232 | J51: =SUM(J11:J50) -> 17232 | ... R51: =SUM(R11:R50) -> 20605 | S51: =R51/C51 -> 0.21145044 | T51: =SUM(T11:T50) -> 2841 | U51: =SUM(U11:U50) -> 2841 | V51: =SUM(V11:V50) -> 34 | W51: =SUM(W11:W50) -> 34 | X51: =SUM(X11:X50) -> 1 | Y51: =SUM(Y11:Y50) -> 1 | AB51: اجمالي الوحدات | AD51: =SUM(AD11:AD50) -> 8550 | AE51: =SUM(AE11:AE50) -> 0 | AF51: =SUM(AF11:AF50) -> 8550 | AG51: =SUM(AG11:AG50) -> 2120 | AH51: =SUM(AH11:AH50) -> 2120 | AI51: =SUM(AI11:AI50) -> 6430 | AJ51: =Q51/AG51 -> 9.7193396 | AK51: =R51/AH51 -> 9.7193396 | AW51: الاجمالي | AX51: =SUM(AX11:AX50) -> 121 | AY51: =SUM(AY11:AY50) -> 50910 | AZ51: =SUM(AZ11:AZ50) -> 50 | BA51: =SUM(BA11:BA50) -> 18396 | BB51: =SUM(BB11:BB50) -> 18396 | BC51: =BB51/AY51 -> 0.36134355 | BD51: =SUM(BD11:BD50) -> 241 | BE51: =SUM(BE11:BE50) -> 14990 | BF51: =SUM(BF11:BF50) -> 23 | BG51: =SUM(BG11:BG50) -> 1354 | BH51: =SUM(BH11:BH50) -> 1354 | BI51: =BH51/BE51 -> 0.090326885
G54: مراقب التطعيمات مسؤل التطعيمات مدير الوقائي مدير الادارة
AB55: مراقب التطعيمات / مسئول التطعيمات / المدير الوقائى / مدير الادارة / | AX55: مراقب التطعيمات / مسئول التطعيمات / المدير الوقائى / مدير الادارة /

Sheet 2
A1: وزارة الصحة والسكان | AB1: وزارة الصحة والسكان | AW1: وزارة الصحة والسكان
A2: قطاع الطب الوقائي والصحة العامة | AB2: قطاع الطب الوقائي والصحة العامة | AW2: قطاع الطب الوقائي والصحة العامة
A3: الإدارة المركزية للصحة العامة | AB3: الإدارة المركزية للصحة العامة | AW3: الإدارة المركزية للصحة العامة
A4: الإدارة العامة لمكافحة الأمراض المعدية | AB4: الإدارة العامة لمكافحة الأمراض المعدية | AW4: الإدارة العامة لمكافحة الأمراض المعدية
A5: البرنامج الموسع للتطعيمات | AB5: البرنامج الموسع للتطعيمات | AW5: البرنامج الموسع للتطعيمات
A6: بيان باعداد المتطعمين و المتغيبين و الاثار الجانبية بالحملة القومية للتطعيم بطعم MR | AF6: البلاغ اليومى لحركة الطعوم بالحملة القومية للتطعيم بطعم MR | AY6: بيان المدارس و الحضانات بالحملة القومية للتطعيم بطعم MR
A7: مديرية الشئون الصحية / المنوفية الإدارة الصحية / قويسنا التاريخ / 26/10/2026 اليوم / الاثنين | AJ7: مديرية الشئون الصحية / الإدارة الصحية / التاريخ/ اليوم / | BC7: مديرية الشئون الصحية / الإدارة الصحية / التاريخ/ اليوم /
A8: م | B8: اسم الوحدة/ مكتب الصحة | C8: المستهدف | D8: عدد الفرق | E8: المتطعمين المصريين | K8: المتطعمين غير المصريين | Q8: الاجمالى | S8: النسبة | T8: المتغيبين عن التطعيم | V8: المطعمين من المتغيبين | X8: الاثار الجانبية | AB8: م | AC8: اسم الوحدة | AD8: الرصيد اول اليوم | AE8: عدد الزجاجات الواردة | AG8: عدد الزجاجات المستهلكة | AI8: عدد الزجاجات المتبقية | AJ8: معدل الزجاجة اليوم | AK8: معدل الزجاجة حتي اليوم | AM8: مخزن طعوم الادارة | AN8: التشغيلة | AO8: الرصيد اول اليوم | AP8: عدد الزجاجات الواردة | AR8: عدد الزجاجات المنصرفة | AT8: عدد الزجاجات المتبقية | AW8: اسم الوحدة | AX8: بيان المدارس | BD8: بيان الحضانات
E9: من 9 شهور لأقل من عام | G9: من عام لأقل من5 سنوات | I9: من 5 سنوات الى 10 سنة | K9: من 9 شهور لأقل من عام | M9: من عام لأقل من5 سنوات | O9: من 5 سنوات الى 10 سنة | AP9: اليوم | AQ9: حتى اليوم | AR9: اليوم | AS9: حتى اليوم | AX9: عدد المدارس | AY9: المستهدف | AZ9: عدد المدارس التي تم زيارتها حتى اليوم | BA9: عدد المتطعمين اليوم | BB9: عدد المتطعمين حتى اليوم | BC9: النسبة | BD9: عدد الحضانات | BE9: المستهدف | BF9: عدد الحضانات التي تم زيارتها حتى اليوم | BG9: عدد المتطعمين اليوم | BH9: عدد المتطعمين حتى اليوم | BI9: النسبة
E10: اليوم | F10: حتى اليوم | G10: اليوم | H10: حتى اليوم | I10: اليوم | J10: حتى اليوم | K10: اليوم | L10: حتى اليوم | M10: اليوم | N10: حتى اليوم | O10: اليوم | P10: حتى اليوم | Q10: اليوم | R10: حتى اليوم | T10: اليوم | U10: حتى اليوم | V10: اليوم | W10: حتى اليوم | X10: اليوم | Y10: حتى اليوم | AE10: اليوم | AF10: حتى اليوم | AG10: اليوم | AH10: حتى اليوم | AN10: ='1'!AN10 -> 0124W120 | AO10: ='1'!AT10 -> 73 | AP10: 0 | AQ10: =AP10+'1'!AQ10 -> 73 | AS10: =AR10+'1'!AS10 -> 0 | AT10: =AO10+AP10-AR10 -> 73
A11: 1 | B11: ='1'!B11 -> مكتب الصحة | C11: ='1'!C11 -> 12251 | D11: 13 | E11: 12 | F11: =E11+'1'!F11 -> 23 | G11: 657 | H11: =G11+'1'!H11 -> 1074 | I11: 1722 | J11: =I11+'1'!J11 -> 3735 | K11: 0 | L11: =K11+'1'!L11 -> 0 | M11: 0 | N11: =M11+'1'!N11 -> 0 | O11: 0 | P11: =O11+'1'!P11 -> 0 | Q11: =O11+M11+K11+I11+G11+E11 -> 2391 | R11: =Q11+'1'!R11 -> 4832 | S11: =R11/C11 -> 0.39441678 | T11: 532 | U11: =T11+'1'!U11 -> 934 | V11: 0 | W11: =V11+'1'!W11 -> 0 | X11: 0 | Y11: =X11+'1'!Y11 -> 0 | AB11: 1 | AC11: =AW11 -> مكتب الصحة | AD11: ='1'!AI11 -> 827 | AE11: 0 | AF11: =AE11+'1'!AF11 -> 1076 | AG11: 243 | AH11: =AG11+'1'!AH11 -> 492 | AI11: =AD11+AE11-AG11 -> 584 | AJ11: =Q11/AG11 -> 9.8395062 | AK11: =R11/AH11 -> 9.8211382 | AN11: ='1'!AN11 -> 420604325A | AO11: ='1'!AT11 -> 6430 | AQ11: =AP11+'1'!AQ11 -> 8550 | AR11: 1931 | AS11: =AR11+'1'!AS11 -> 4051 | AT11: =AO11+AP11-AR11 -> 4499 | AW11: =B11 -> مكتب الصحة | AX11: ='1'!AX11 -> 11 | AY11: ='1'!AY11 -> 8411 | AZ11: 8 | BA11: 1925 | BB11: =BA11+'1'!BB11 -> 4176 | BC11: =BB11/AY11 -> 0.49649269 | BD11: ='1'!BD11 -> 27 | BE11: ='1'!BE11 -> 1746 | BF11: 4 | BG11: 131 | BH11: =BG11+'1'!BH11 -> 131 | BI11: =BH11/BE11 -> 0.075028637
A12: 2 | B12: ='1'!B12 -> شبرابخـــــــــــوم | C12: ='1'!C12 -> 4445 | D12: 4 | E12: 3 | F12: =E12+'1'!F12 -> 4 | G12: 102 | H12: =G12+'1'!H12 -> 127 | I12: 668 | J12: =I12+'1'!J12 -> 1320 | K12: 0 | L12: =K12+'1'!L12 -> 0 | M12: 0 | N12: =M12+'1'!N12 -> 0 | O12: 0 | P12: =O12+'1'!P12 -> 0 | Q12: =O12+M12+K12+I12+G12+E12 -> 773 | R12: =Q12+'1'!R12 -> 1451 | S12: =R12/C12 -> 0.3264342 | T12: 140 | U12: =T12+'1'!U12 -> 242 | V12: 3 | W12: =V12+'1'!W12 -> 4 | X12: 0 | Y12: =X12+'1'!Y12 -> 0 | AB12: 2 | AC12: =AW12 -> شبرابخـــــــــــوم | AD12: ='1'!AI12 -> 320 | AE12: 0 | AF12: =AE12+'1'!AF12 -> 390 | AG12: 78 | AH12: =AG12+'1'!AH12 -> 148 | AI12: =AD12+AE12-AG12 -> 242 | AJ12: =Q12/AG12 -> 9.9102564 | AK12: =R12/AH12 -> 9.8040541 | AN12: 420604225A | AO12: ='1'!AT12 -> 0 | AP12: 100 | AQ12: =AP12+'1'!AQ12 -> 100 | AS12: =AR12+'1'!AS12 -> 0 | AT12: =AO12+AP12-AR12 -> 100 | AW12: =B12 -> شبرابخـــــــــــوم | AX12: ='1'!AX12 -> 6 | AY12: ='1'!AY12 -> 2215 | AZ12: 2 | BA12: 773 | BB12: =BA12+'1'!BB12 -> 1451 | BC12: =BB12/AY12 -> 0.65507901 | BD12: ='1'!BD12 -> 16 | BE12: ='1'!BE12 -> 729 | BF12: 0 | BG12: 0 | BH12: =BG12+'1'!BH12 -> 0 | BI12: =BH12/BE12 -> 0
A13: 3 | B13: ='1'!B13 -> ميت بره | C13: ='1'!C13 -> 11614 | D13: 8 | E13: 5 | F13: =E13+'1'!F13 -> 18 | G13: 114 | H13: =G13+'1'!H13 -> 159 | I13: 1426 | J13: =I13+'1'!J13 -> 2971 | K13: 0 | L13: =K13+'1'!L13 -> 0 | M13: 0 | N13: =M13+'1'!N13 -> 0 | O13: 0 | P13: =O13+'1'!P13 -> 0 | Q13: =O13+M13+K13+I13+G13+E13 -> 1545 | R13: =Q13+'1'!R13 -> 3148 | S13: =R13/C13 -> 0.27105218 | T13: 221 | U13: =T13+'1'!U13 -> 420 | V13: 0 | W13: =V13+'1'!W13 -> 0 | X13: 0 | Y13: =X13+'1'!Y13 -> 0 | AB13: 3 | AC13: =AW13 -> ميت بره | AD13: ='1'!AI13 -> 857 | AE13: 0 | AF13: =AE13+'1'!AF13 -> 1020 | AG13: 156 | AH13: =AG13+'1'!AH13 -> 319 | AI13: =AD13+AE13-AG13 -> 701 | AJ13: =Q13/AG13 -> 9.9038462 | AK13: =R13/AH13 -> 9.8683386 | AN13: اجمالي المخزن | AO13: =SUM(AO10:AO12) -> 6503 | AP13: =SUM(AP10:AP12) -> 100 | AQ13: =SUM(AQ10:AQ12) -> 8723 | AR13: =SUM(AR10:AR12) -> 1931 | AS13: =SUM(AS10:AS12) -> 4051 | AT13: =SUM(AT10:AT12) -> 4672 | AW13: =B13 -> ميت بره | AX13: ='1'!AX13 -> 8 | AY13: ='1'!AY13 -> 4849 | AZ13: 3 | BA13: 1395 | BB13: =BA13+'1'!BB13 -> 2928 | BC13: =BB13/AY13 -> 0.60383584 | BD13: ='1'!BD13 -> 21 | BE13: ='1'!BE13 -> 1129 | BF13: 0 | BG13: 0 | BH13: =BG13+'1'!BH13 -> 0 | BI13: =BH13/BE13 -> 0
A14: 4 | B14: ='1'!B14 -> أبنــــــــــــــــهس | C14: ='1'!C14 -> 5029 | D14: 4 | E14: 2 | F14: =E14+'1'!F14 -> 6 | G14: 10 | H14: =G14+'1'!H14 -> 39 | I14: 771 | J14: =I14+'1'!J14 -> 1657 | K14: 0 | L14: =K14+'1'!L14 -> 0 | M14: 0 | N14: =M14+'1'!N14 -> 0 | O14: 0 | P14: =O14+'1'!P14 -> 0 | Q14: =O14+M14+K14+I14+G14+E14 -> 783 | R14: =Q14+'1'!R14 -> 1702 | S14: =R14/C14 -> 0.33843707 | T14: 111 | U14: =T14+'1'!U14 -> 188 | V14: 19 | W14: =V14+'1'!W14 -> 19 | X14: 0 | Y14: =X14+'1'!Y14 -> 0 | AB14: 4 | AC14: =AW14 -> أبنــــــــــــــــهس | AD14: ='1'!AI14 -> 346 | AE14: 0 | AF14: =AE14+'1'!AF14 -> 440 | AG14: 80 | AH14: =AG14+'1'!AH14 -> 174 | AI14: =AD14+AE14-AG14 -> 266 | AJ14: =Q14/AG14 -> 9.7875 | AK14: =R14/AH14 -> 9.7816092 | AM14: احمالي الوحدات ومخزن الادارة | AT14: =AT13+AI51 -> 9181 | AW14: =B14 -> أبنــــــــــــــــهس | AX14: ='1'!AX14 -> 7 | AY14: ='1'!AY14 -> 2531 | AZ14: 5 | BA14: 783 | BB14: =BA14+'1'!BB14 -> 1702 | BC14: =BB14/AY14 -> 0.67246148 | BD14: ='1'!BD14 -> 23 | BE14: ='1'!BE14 -> 921 | BF14: 0 | BG14: 0 | BH14: =BG14+'1'!BH14 -> 0 | BI14: =BH14/BE14 -> 0
A15: 5 | B15: ='1'!B15 -> ميت ســـــــــراج | C15: ='1'!C15 -> 2369 | D15: 3 | E15: 2 | F15: =E15+'1'!F15 -> 3 | G15: 26 | H15: =G15+'1'!H15 -> 208 | I15: 551 | J15: =I15+'1'!J15 -> 816 | K15: 0 | L15: =K15+'1'!L15 -> 0 | M15: 0 | N15: =M15+'1'!N15 -> 0 | O15: 0 | P15: =O15+'1'!P15 -> 0 | Q15: =O15+M15+K15+I15+G15+E15 -> 579 | R15: =Q15+'1'!R15 -> 1027 | S15: =R15/C15 -> 0.43351625 | T15: 44 | U15: =T15+'1'!U15 -> 93 | V15: 18 | W15: =V15+'1'!W15 -> 18 | X15: 0 | Y15: =X15+'1'!Y15 -> 0 | AB15: 5 | AC15: =AW15 -> ميت ســـــــــراج | AD15: ='1'!AI15 -> 163 | AE15: 0 | AF15: =AE15+'1'!AF15 -> 209 | AG15: 59 | AH15: =AG15+'1'!AH15 -> 105 | AI15: =AD15+AE15-AG15 -> 104 | AJ15: =Q15/AG15 -> 9.8135593 | AK15: =R15/AH15 -> 9.7809524 | AW15: =B15 -> ميت ســـــــــراج | AX15: ='1'!AX15 -> 2 | AY15: ='1'!AY15 -> 1041 | AZ15: 2 | BA15: 549 | BB15: =BA15+'1'!BB15 -> 856 | BC15: =BB15/AY15 -> 0.82228626 | BD15: ='1'!BD15 -> 5 | BE15: ='1'!BE15 -> 310 | BF15: 0 | BG15: 0 | BH15: =BG15+'1'!BH15 -> 141 | BI15: =BH15/BE15 -> 0.45483871
A16: 6 | B16: ='1'!B16 -> أم خــــــــــــــنان | C16: ='1'!C16 -> 4900 | D16: 4 | E16: 5 | F16: =E16+'1'!F16 -> 8 | G16: 92 | H16: =G16+'1'!H16 -> 213 | I16: 649 | J16: =I16+'1'!J16 -> 1318 | K16: 0 | L16: =K16+'1'!L16 -> 0 | M16: 0 | N16: =M16+'1'!N16 -> 0 | O16: 0 | P16: =O16+'1'!P16 -> 0 | Q16: =O16+M16+K16+I16+G16+E16 -> 746 | R16: =Q16+'1'!R16 -> 1539 | S16: =R16/C16 -> 0.31408163 | T16: 144 | U16: =T16+'1'!U16 -> 258 | V16: 0 | W16: =V16+'1'!W16 -> 0 | X16: 0 | Y16: =X16+'1'!Y16 -> 0 | AB16: 6 | AC16: =AW16 -> أم خــــــــــــــنان | AD16: ='1'!AI16 -> 350 | AE16: 0 | AF16: =AE16+'1'!AF16 -> 430 | AG16: 76 | AH16: =AG16+'1'!AH16 -> 156 | AI16: =AD16+AE16-AG16 -> 274 | AJ16: =Q16/AG16 -> 9.8157895 | AK16: =R16/AH16 -> 9.8653846 | AW16: =B16 -> أم خــــــــــــــنان | AX16: ='1'!AX16 -> 8 | AY16: ='1'!AY16 -> 2981 | AZ16: 2 | BA16: 704 | BB16: =BA16+'1'!BB16 -> 1468 | BC16: =BB16/AY16 -> 0.4924522 | BD16: ='1'!BD16 -> 12 | BE16: ='1'!BE16 -> 1313 | BF16: 0 | BG16: 0 | BH16: =BG16+'1'!BH16 -> 0 | BI16: =BH16/BE16 -> 0
A17: 7 | B17: ='1'!B17 -> أجهور الرمل | C17: ='1'!C17 -> 3590 | D17: 3 | E17: 8 | F17: =E17+'1'!F17 -> 9 | G17: 304 | H17: =G17+'1'!H17 -> 514 | I17: 372 | J17: =I17+'1'!J17 -> 1001 | K17: 0 | L17: =K17+'1'!L17 -> 0 | M17: 0 | N17: =M17+'1'!N17 -> 0 | O17: 0 | P17: =O17+'1'!P17 -> 0 | Q17: =O17+M17+K17+I17+G17+E17 -> 684 | R17: =Q17+'1'!R17 -> 1524 | S17: =R17/C17 -> 0.42451253 | T17: 199 | U17: =T17+'1'!U17 -> 360 | V17: 51 | W17: =V17+'1'!W17 -> 51 | X17: 0 | Y17: =X17+'1'!Y17 -> 0 | AB17: 7 | AC17: =AW17 -> أجهور الرمل | AD17: ='1'!AI17 -> 230 | AE17: 0 | AF17: =AE17+'1'!AF17 -> 316 | AG17: 70 | AH17: =AG17+'1'!AH17 -> 156 | AI17: =AD17+AE17-AG17 -> 160 | AJ17: =Q17/AG17 -> 9.7714286 | AK17: =R17/AH17 -> 9.7692308 | AW17: =B17 -> أجهور الرمل | AX17: ='1'!AX17 -> 4 | AY17: ='1'!AY17 -> 1796 | AZ17: 1 | BA17: 365 | BB17: =BA17+'1'!BB17 -> 963 | BC17: =BB17/AY17 -> 0.53619154 | BD17: ='1'!BD17 -> 3 | BE17: ='1'!BE17 -> 100 | BF17: 3 | BG17: 199 | BH17: =BG17+'1'!BH17 -> 441 | BI17: =BH17/BE17 -> 4.41
A18: 8 | B18: ='1'!B18 -> منشأة دمــــــــــلو | C18: ='1'!C18 -> 1320 | D18: 2 | E18: 2 | F18: =E18+'1'!F18 -> 13 | G18: 243 | H18: =G18+'1'!H18 -> 341 | I18: 180 | J18: =I18+'1'!J18 -> 682 | K18: 0 | L18: =K18+'1'!L18 -> 0 | M18: 0 | N18: =M18+'1'!N18 -> 0 | O18: 0 | P18: =O18+'1'!P18 -> 0 | Q18: =O18+M18+K18+I18+G18+E18 -> 425 | R18: =Q18+'1'!R18 -> 1036 | S18: =R18/C18 -> 0.78484848 | T18: 60 | U18: =T18+'1'!U18 -> 151 | V18: 7 | W18: =V18+'1'!W18 -> 15 | X18: 0 | Y18: =X18+'1'!Y18 -> 0 | AB18: 8 | AC18: =AW18 -> منشأة دمــــــــــلو | AD18: ='1'!AI18 -> 52 | AE18: 0 | AF18: =AE18+'1'!AF18 -> 115 | AG18: 46 | AH18: =AG18+'1'!AH18 -> 109 | AI18: =AD18+AE18-AG18 -> 6 | AJ18: =Q18/AG18 -> 9.2391304 | AK18: =R18/AH18 -> 9.5045872 | AW18: =B18 -> منشأة دمــــــــــلو | AX18: ='1'!AX18 -> 2 | AY18: ='1'!AY18 -> 896 | AZ18: 2 | BA18: 187 | BB18: =BA18+'1'!BB18 -> 748 | BC18: =BB18/AY18 -> 0.83482143 | BD18: ='1'!BD18 -> 8 | BE18: ='1'!BE18 -> 340 | BF18: 3 | BG18: 188 | BH18: =BG18+'1'!BH18 -> 188 | BI18: =BH18/BE18 -> 0.55294118
A19: 9 | B19: ='1'!B19 -> شـــــــــــــرانيس | C19: ='1'!C19 -> 1414 | D19: 2 | E19: 4 | F19: =E19+'1'!F19 -> 11 | G19: 98 | H19: =G19+'1'!H19 -> 112 | I19: 133 | J19: =I19+'1'!J19 -> 557 | K19: 0 | L19: =K19+'1'!L19 -> 0 | M19: 0 | N19: =M19+'1'!N19 -> 0 | O19: 0 | P19: =O19+'1'!P19 -> 0 | Q19: =O19+M19+K19+I19+G19+E19 -> 235 | R19: =Q19+'1'!R19 -> 680 | S19: =R19/C19 -> 0.48090523 | T19: 55 | U19: =T19+'1'!U19 -> 101 | V19: 0 | W19: =V19+'1'!W19 -> 0 | X19: 0 | Y19: =X19+'1'!Y19 -> 0 | AB19: 9 | AC19: =AW19 -> شـــــــــــــرانيس | AD19: ='1'!AI19 -> 79 | AE19: 0 | AF19: =AE19+'1'!AF19 -> 125 | AG19: 25 | AH19: =AG19+'1'!AH19 -> 71 | AI19: =AD19+AE19-AG19 -> 54 | AJ19: =Q19/AG19 -> 9.4 | AK19: =R19/AH19 -> 9.5774648 | AW19: =B19 -> شـــــــــــــرانيس | AX19: ='1'!AX19 -> 2 | AY19: ='1'!AY19 -> 675 | AZ19: 1 | BA19: 142 | BB19: =BA19+'1'!BB19 -> 569 | BC19: =BB19/AY19 -> 0.84296296 | BD19: ='1'!BD19 -> 2 | BE19: ='1'!BE19 -> 397 | BF19: 1 | BG19: 63 | BH19: =BG19+'1'!BH19 -> 63 | BI19: =BH19/BE19 -> 0.15869018
A20: 10 | B20: ='1'!B20 -> قويســـــــــنا البلد | C20: ='1'!C20 -> 4115 | D20: 3 | E20: 7 | F20: =E20+'1'!F20 -> 21 | G20: 143 | H20: =G20+'1'!H20 -> 175 | I20: 520 | J20: =I20+'1'!J20 -> 1047 | K20: 0 | L20: =K20+'1'!L20 -> 0 | M20: 0 | N20: =M20+'1'!N20 -> 0 | O20: 0 | P20: =O20+'1'!P20 -> 0 | Q20: =O20+M20+K20+I20+G20+E20 -> 670 | R20: =Q20+'1'!R20 -> 1243 | S20: =R20/C20 -> 0.30206561 | T20: 165 | U20: =T20+'1'!U20 -> 319 | V20: 71 | W20: =V20+'1'!W20 -> 71 | X20: 0 | Y20: =X20+'1'!Y20 -> 0 | AB20: 10 | AC20: =AW20 -> قويســـــــــنا البلد | AD20: ='1'!AI20 -> 302 | AE20: 0 | AF20: =AE20+'1'!AF20 -> 360 | AG20: 67 | AH20: =AG20+'1'!AH20 -> 125 | AI20: =AD20+AE20-AG20 -> 235 | AJ20: =Q20/AG20 -> 10 | AK20: =R20/AH20 -> 9.944 | AW20: =B20 -> قويســـــــــنا البلد | AX20: ='1'!AX20 -> 2 | AY20: ='1'!AY20 -> 1539 | AZ20: 1 | BA20: 610 | BB20: =BA20+'1'!BB20 -> 1133 | BC20: =BB20/AY20 -> 0.73619233 | BD20: ='1'!BD20 -> 7 | BE20: ='1'!BE20 -> 580 | BF20: 0 | BG20: 0 | BH20: =BG20+'1'!BH20 -> 0 | BI20: =BH20/BE20 -> 0
A21: 11 | B21: ='1'!B21 -> بجيرم | C21: ='1'!C21 -> 1782 | D21: 3 | E21: 3 | F21: =E21+'1'!F21 -> 8 | G21: 209 | H21: =G21+'1'!H21 -> 310 | I21: 281 | J21: =I21+'1'!J21 -> 686 | K21: 0 | L21: =K21+'1'!L21 -> 0 | M21: 0 | N21: =M21+'1'!N21 -> 0 | O21: 0 | P21: =O21+'1'!P21 -> 0 | Q21: =O21+M21+K21+I21+G21+E21 -> 493 | R21: =Q21+'1'!R21 -> 1004 | S21: =R21/C21 -> 0.5634119 | T21: 70 | U21: =T21+'1'!U21 -> 126 | V21: 19 | W21: =V21+'1'!W21 -> 19 | X21: 0 | Y21: =X21+'1'!Y21 -> 0 | AB21: 11 | AC21: =AW21 -> بجيرم | AD21: ='1'!AI21 -> 105 | AE21: 0 | AF21: =AE21+'1'!AF21 -> 157 | AG21: 51 | AH21: =AG21+'1'!AH21 -> 103 | AI21: =AD21+AE21-AG21 -> 54 | AJ21: =Q21/AG21 -> 9.6666667 | AK21: =R21/AH21 -> 9.7475728 | AW21: =B21 -> بجيرم | AX21: ='1'!AX21 -> 4 | AY21: ='1'!AY21 -> 946 | AZ21: 4 | BA21: 174 | BB21: =BA21+'1'!BB21 -> 634 | BC21: =BB21/AY21 -> 0.67019027 | BD21: ='1'!BD21 -> 4 | BE21: ='1'!BE21 -> 99 | BF21: 2 | BG21: 69 | BH21: =BG21+'1'!BH21 -> 69 | BI21: =BH21/BE21 -> 0.6969697
A22: 12 | B22: ='1'!B22 -> كفر بنى غريـــان | C22: ='1'!C22 -> 2184 | D22: 3 | E22: 6 | F22: =E22+'1'!F22 -> 9 | G22: 120 | H22: =G22+'1'!H22 -> 301 | I22: 377 | J22: =I22+'1'!J22 -> 819 | L22: =K22+'1'!L22 -> 0 | N22: =M22+'1'!N22 -> 0 | P22: =O22+'1'!P22 -> 0 | Q22: =O22+M22+K22+I22+G22+E22 -> 503 | R22: =Q22+'1'!R22 -> 1129 | S22: =R22/C22 -> 0.51694139 | T22: 40 | U22: =T22+'1'!U22 -> 108 | V22: 0 | W22: =V22+'1'!W22 -> 0 | X22: 0 | Y22: =X22+'1'!Y22 -> 0 | AB22: 12 | AC22: =AW22 -> كفر بنى غريـــان | AD22: ='1'!AI22 -> 129 | AE22: 0 | AF22: =AE22+'1'!AF22 -> 192 | AG22: 54 | AH22: =AG22+'1'!AH22 -> 117 | AI22: =AD22+AE22-AG22 -> 75 | AJ22: =Q22/AG22 -> 9.3148148 | AK22: =R22/AH22 -> 9.6495726 | AW22: =B22 -> كفر بنى غريـــان | AX22: ='1'!AX22 -> 3 | AY22: ='1'!AY22 -> 1327 | AZ22: 2 | BA22: 363 | BB22: =BA22+'1'!BB22 -> 929 | BC22: =BB22/AY22 -> 0.70007536 | BD22: ='1'!BD22 -> 9 | BE22: ='1'!BE22 -> 381 | BF22: 2 | BG22: 95 | BH22: =BG22+'1'!BH22 -> 229 | BI22: =BH22/BE22 -> 0.60104987
A23: 13 | B23: ='1'!B23 -> بــقســـــــــــــــــا | C23: ='1'!C23 -> 862 | D23: 2 | E23: 3 | F23: =E23+'1'!F23 -> 7 | G23: 78 | H23: =G23+'1'!H23 -> 116 | I23: 18 | J23: =I23+'1'!J23 -> 344 | K23: 0 | L23: =K23+'1'!L23 -> 0 | M23: 0 | N23: =M23+'1'!N23 -> 0 | O23: 0 | P23: =O23+'1'!P23 -> 0 | Q23: =O23+M23+K23+I23+G23+E23 -> 99 | R23: =Q23+'1'!R23 -> 467 | S23: =R23/C23 -> 0.54176334 | T23: 9 | U23: =T23+'1'!U23 -> 36 | V23: 9 | W23: =V23+'1'!W23 -> 14 | X23: 0 | Y23: =X23+'1'!Y23 -> 0 | AB23: 13 | AC23: =AW23 -> بــقســـــــــــــــــا | AD23: ='1'!AI23 -> 38 | AE23: 0 | AF23: =AE23+'1'!AF23 -> 75 | AG23: 10 | AH23: =AG23+'1'!AH23 -> 47 | AI23: =AD23+AE23-AG23 -> 28 | AJ23: =Q23/AG23 -> 9.9 | AK23: =R23/AH23 -> 9.9361702 | AW23: =B23 -> بــقســـــــــــــــــا | AX23: ='1'!AX23 -> 1 | AY23: ='1'!AY23 -> 311 | AZ23: 1 | BA23: 9 | BB23: =BA23+'1'!BB23 -> 297 | BC23: =BB23/AY23 -> 0.95498392 | BD23: ='1'!BD23 -> 1 | BE23: ='1'!BE23 -> 40 | BF23: 1 | BG23: 30 | BH23: =BG23+'1'!BH23 -> 30 | BI23: =BH23/BE23 -> 0.75
A24: 14 | B24: ='1'!B24 -> كفــــــــر الأكرم | C24: ='1'!C24 -> 918 | D24: 2 | E24: 2 | F24: =E24+'1'!F24 -> 2 | G24: 57 | H24: =G24+'1'!H24 -> 119 | I24: 195 | J24: =I24+'1'!J24 -> 380 | K24: 0 | L24: =K24+'1'!L24 -> 0 | M24: 0 | N24: =M24+'1'!N24 -> 0 | O24: 0 | P24: =O24+'1'!P24 -> 0 | Q24: =O24+M24+K24+I24+G24+E24 -> 254 | R24: =Q24+'1'!R24 -> 501 | S24: =R24/C24 -> 0.54575163 | T24: 30 | U24: =T24+'1'!U24 -> 66 | V24: 7 | W24: =V24+'1'!W24 -> 7 | X24: 0 | Y24: =X24+'1'!Y24 -> 0 | AB24: 14 | AC24: =AW24 -> كفــــــــر الأكرم | AD24: ='1'!AI24 -> 55 | AE24: 0 | AF24: =AE24+'1'!AF24 -> 80 | AG24: 26 | AH24: =AG24+'1'!AH24 -> 51 | AI24: =AD24+AE24-AG24 -> 29 | AJ24: =Q24/AG24 -> 9.7692308 | AK24: =R24/AH24 -> 9.8235294 | AW24: =B24 -> كفــــــــر الأكرم | AX24: ='1'!AX24 -> 2 | AY24: ='1'!AY24 -> 540 | AZ24: 2 | BA24: 193 | BB24: =BA24+'1'!BB24 -> 378 | BC24: =BB24/AY24 -> 0.7 | BD24: ='1'!BD24 -> 2 | BE24: ='1'!BE24 -> 115 | BF24: 2 | BG24: 31 | BH24: =BG24+'1'!BH24 -> 63 | BI24: =BH24/BE24 -> 0.54782609
A25: 15 | B25: ='1'!B25 -> كفـــــــــر إبنهس | C25: ='1'!C25 -> 2072 | D25: 3 | E25: 5 | F25: =E25+'1'!F25 -> 5 | G25: 148 | H25: =G25+'1'!H25 -> 152 | I25: 240 | J25: =I25+'1'!J25 -> 845 | K25: 0 | L25: =K25+'1'!L25 -> 0 | M25: 0 | N25: =M25+'1'!N25 -> 0 | O25: 0 | P25: =O25+'1'!P25 -> 0 | Q25: =O25+M25+K25+I25+G25+E25 -> 393 | R25: =Q25+'1'!R25 -> 1002 | S25: =R25/C25 -> 0.48359073 | T25: 60 | U25: =T25+'1'!U25 -> 168 | V25: 42 | W25: =V25+'1'!W25 -> 42 | X25: 0 | Y25: =X25+'1'!Y25 -> 0 | AB25: 15 | AC25: =AW25 -> كفـــــــــر إبنهس | AD25: ='1'!AI25 -> 104 | AE25: 0 | AF25: =AE25+'1'!AF25 -> 180 | AG25: 40 | AH25: =AG25+'1'!AH25 -> 116 | AI25: =AD25+AE25-AG25 -> 64 | AJ25: =Q25/AG25 -> 9.825 | AK25: =R25/AH25 -> 8.637931 | AW25: =B25 -> كفـــــــــر إبنهس | AX25: ='1'!AX25 -> 3 | AY25: ='1'!AY25 -> 1013 | AZ25: 3 | BA25: 228 | BB25: =BA25+'1'!BB25 -> 830 | BC25: =BB25/AY25 -> 0.81934847 | BD25: ='1'!BD25 -> 4 | BE25: ='1'!BE25 -> 620 | BF25: 1 | BG25: 107 | BH25: =BG25+'1'!BH25 -> 107 | BI25: =BH25/BE25 -> 0.17258065
A26: 16 | B26: ='1'!B26 -> الرمــــــــــــــالى | C26: ='1'!C26 -> 2699 | D26: 3 | E26: 10 | F26: =E26+'1'!F26 -> 15 | G26: 94 | H26: =G26+'1'!H26 -> 227 | I26: 389 | J26: =I26+'1'!J26 -> 730 | K26: 0 | L26: =K26+'1'!L26 -> 0 | M26: 0 | N26: =M26+'1'!N26 -> 0 | O26: 0 | P26: =O26+'1'!P26 -> 0 | Q26: =O26+M26+K26+I26+G26+E26 -> 493 | R26: =Q26+'1'!R26 -> 972 | S26: =R26/C26 -> 0.36013338 | T26: 59 | U26: =T26+'1'!U26 -> 95 | V26: 42 | W26: =V26+'1'!W26 -> 42 | X26: 0 | Y26: =X26+'1'!Y26 -> 1 | AB26: 16 | AC26: =AW26 -> الرمــــــــــــــالى | AD26: ='1'!AI26 -> 186 | AE26: 0 | AF26: =AE26+'1'!AF26 -> 235 | AG26: 54 | AH26: =AG26+'1'!AH26 -> 103 | AI26: =AD26+AE26-AG26 -> 132 | AJ26: =Q26/AG26 -> 9.1296296 | AK26: =R26/AH26 -> 9.4368932 | AW26: =B26 -> الرمــــــــــــــالى | AX26: ='1'!AX26 -> 3 | AY26: ='1'!AY26 -> 1486 | AZ26: 1 | BA26: 474 | BB26: =BA26+'1'!BB26 -> 899 | BC26: =BB26/AY26 -> 0.60497981 | BD26: ='1'!BD26 -> 3 | BE26: ='1'!BE26 -> 98 | BF26: 0 | BG26: 0 | BH26: =BG26+'1'!BH26 -> 0 | BI26: =BH26/BE26 -> 0
A27: 17 | B27: ='1'!B27 -> مصطــــــــــــاى | C27: ='1'!C27 -> 2666 | D27: 3 | E27: 6 | F27: =E27+'1'!F27 -> 42 | G27: 91 | H27: =G27+'1'!H27 -> 183 | I27: 413 | J27: =I27+'1'!J27 -> 925 | K27: 0 | L27: =K27+'1'!L27 -> 0 | M27: 0 | N27: =M27+'1'!N27 -> 0 | O27: 0 | P27: =O27+'1'!P27 -> 0 | Q27: =O27+M27+K27+I27+G27+E27 -> 510 | R27: =Q27+'1'!R27 -> 1150 | S27: =R27/C27 -> 0.43135784 | T27: 0 | U27: =T27+'1'!U27 -> 45 | V27: 15 | W27: =V27+'1'!W27 -> 15 | X27: 0 | Y27: =X27+'1'!Y27 -> 0 | AB27: 17 | AC27: =AW27 -> مصطــــــــــــاى | AD27: ='1'!AI27 -> 168 | AE27: 0 | AF27: =AE27+'1'!AF27 -> 234 | AG27: 51 | AH27: =AG27+'1'!AH27 -> 117 | AI27: =AD27+AE27-AG27 -> 117 | AJ27: =Q27/AG27 -> 10 | AK27: =R27/AH27 -> 9.8290598 | AW27: =B27 -> مصطــــــــــــاى | AX27: ='1'!AX27 -> 3 | AY27: ='1'!AY27 -> 1709 | AZ27: 2 | BA27: 450 | BB27: =BA27+'1'!BB27 -> 1030 | BC27: =BB27/AY27 -> 0.60269163 | BD27: ='1'!BD27 -> 6 | BE27: ='1'!BE27 -> 696 | BF27: 0 | BG27: 0 | BH27: =BG27+'1'!BH27 -> 0 | BI27: =BH27/BE27 -> 0
A28: 18 | B28: ='1'!B28 -> كفر طـــــــه شبرا | C28: ='1'!C28 -> 1795 | D28: 3 | E28: 4 | F28: =E28+'1'!F28 -> 6 | G28: 36 | H28: =G28+'1'!H28 -> 78 | I28: 373 | J28: =I28+'1'!J28 -> 883 | K28: 0 | L28: =K28+'1'!L28 -> 0 | M28: 0 | N28: =M28+'1'!N28 -> 0 | O28: 0 | P28: =O28+'1'!P28 -> 0 | Q28: =O28+M28+K28+I28+G28+E28 -> 413 | R28: =Q28+'1'!R28 -> 967 | S28: =R28/C28 -> 0.53871866 | T28: 44 | U28: =T28+'1'!U28 -> 97 | V28: 27 | W28: =V28+'1'!W28 -> 27 | X28: 0 | Y28: =X28+'1'!Y28 -> 0 | AB28: 18 | AC28: =AW28 -> كفر طـــــــه شبرا | AD28: ='1'!AI28 -> 99 | AE28: 0 | AF28: =AE28+'1'!AF28 -> 158 | AG28: 42 | AH28: =AG28+'1'!AH28 -> 101 | AI28: =AD28+AE28-AG28 -> 57 | AJ28: =Q28/AG28 -> 9.8333333 | AK28: =R28/AH28 -> 9.5742574 | AW28: =B28 -> كفر طـــــــه شبرا | AX28: ='1'!AX28 -> 4 | AY28: ='1'!AY28 -> 948 | AZ28: 2 | BA28: 315 | BB28: =BA28+'1'!BB28 -> 823 | BC28: =BB28/AY28 -> 0.86814346 | BD28: ='1'!BD28 -> 7 | BE28: ='1'!BE28 -> 300 | BF28: 4 | BG28: 95 | BH28: =BG28+'1'!BH28 -> 132 | BI28: =BH28/BE28 -> 0.44
A29: 19 | B29: ='1'!B29 -> كفر أبـــو الحسن | C29: ='1'!C29 -> 1397 | D29: 2 | E29: 2 | F29: =E29+'1'!F29 -> 2 | G29: 23 | H29: =G29+'1'!H29 -> 46 | I29: 392 | J29: =I29+'1'!J29 -> 749 | K29: 0 | L29: =K29+'1'!L29 -> 0 | M29: 0 | N29: =M29+'1'!N29 -> 0 | O29: 0 | P29: =O29+'1'!P29 -> 0 | Q29: =O29+M29+K29+I29+G29+E29 -> 417 | R29: =Q29+'1'!R29 -> 797 | S29: =R29/C29 -> 0.57050823 | T29: 134 | U29: =T29+'1'!U29 -> 183 | V29: 4 | W29: =V29+'1'!W29 -> 5 | X29: 0 | Y29: =X29+'1'!Y29 -> 0 | AB29: 19 | AC29: =AW29 -> كفر أبـــو الحسن | AD29: ='1'!AI29 -> 84 | AE29: 0 | AF29: =AE29+'1'!AF29 -> 123 | AG29: 43 | AH29: =AG29+'1'!AH29 -> 82 | AI29: =AD29+AE29-AG29 -> 41 | AJ29: =Q29/AG29 -> 9.6976744 | AK29: =R29/AH29 -> 9.7195122 | AW29: =B29 -> كفر أبـــو الحسن | AX29: ='1'!AX29 -> 3 | AY29: ='1'!AY29 -> 912 | AZ29: 2 | BA29: 384 | BB29: =BA29+'1'!BB29 -> 760 | BC29: =BB29/AY29 -> 0.83333333 | BD29: ='1'!BD29 -> 9 | BE29: ='1'!BE29 -> 258 | BF29: 2 | BG29: 52 | BH29: =BG29+'1'!BH29 -> 101 | BI29: =BH29/BE29 -> 0.39147287
A30: 20 | B30: ='1'!B30 -> ميت أبـــــوشيخه | C30: ='1'!C30 -> 1134 | D30: 2 | E30: 1 | F30: =E30+'1'!F30 -> 8 | G30: 10 | H30: =G30+'1'!H30 -> 60 | I30: 147 | J30: =I30+'1'!J30 -> 359 | K30: 0 | L30: =K30+'1'!L30 -> 0 | M30: 0 | N30: =M30+'1'!N30 -> 0 | O30: 0 | P30: =O30+'1'!P30 -> 0 | Q30: =O30+M30+K30+I30+G30+E30 -> 158 | R30: =Q30+'1'!R30 -> 427 | S30: =R30/C30 -> 0.37654321 | T30: 16 | U30: =T30+'1'!U30 -> 43 | V30: 10 | W30: =V30+'1'!W30 -> 10 | X30: 0 | Y30: =X30+'1'!Y30 -> 0 | AB30: 20 | AC30: =AW30 -> ميت أبـــــوشيخه | AD30: ='1'!AI30 -> 73 | AE30: 0 | AF30: =AE30+'1'!AF30 -> 100 | AG30: 16 | AH30: =AG30+'1'!AH30 -> 43 | AI30: =AD30+AE30-AG30 -> 57 | AJ30: =Q30/AG30 -> 9.875 | AK30: =R30/AH30 -> 9.9302326 | AW30: =B30 -> ميت أبـــــوشيخه | AX30: ='1'!AX30 -> 2 | AY30: ='1'!AY30 -> 560 | AZ30: 1 | BA30: 149 | BB30: =BA30+'1'!BB30 -> 399 | BC30: =BB30/AY30 -> 0.7125 | BD30: ='1'!BD30 -> 2 | BE30: ='1'!BE30 -> 107 | BF30: 0 | BG30: 0 | BH30: =BG30+'1'!BH30 -> 0 | BI30: =BH30/BE30 -> 0
A31: 21 | B31: ='1'!B31 -> طــــــــــــه شبرا | C31: ='1'!C31 -> 5149 | D31: 4 | E31: 9 | F31: =E31+'1'!F31 -> 18 | G31: 464 | H31: =G31+'1'!H31 -> 725 | I31: 380 | J31: =I31+'1'!J31 -> 827 | K31: 0 | L31: =K31+'1'!L31 -> 0 | M31: 0 | N31: =M31+'1'!N31 -> 0 | O31: 0 | P31: =O31+'1'!P31 -> 0 | Q31: =O31+M31+K31+I31+G31+E31 -> 853 | R31: =Q31+'1'!R31 -> 1570 | S31: =R31/C31 -> 0.30491358 | T31: 119 | U31: =T31+'1'!U31 -> 194 | V31: 1 | W31: =V31+'1'!W31 -> 3 | X31: 0 | Y31: =X31+'1'!Y31 -> 0 | AB31: 21 | AC31: =AW31 -> طــــــــــــه شبرا | AD31: ='1'!AI31 -> 378 | AE31: 0 | AF31: =AE31+'1'!AF31 -> 452 | AG31: 88 | AH31: =AG31+'1'!AH31 -> 162 | AI31: =AD31+AE31-AG31 -> 290 | AJ31: =Q31/AG31 -> 9.6931818 | AK31: =R31/AH31 -> 9.691358 | AW31: =B31 -> طــــــــــــه شبرا | AX31: ='1'!AX31 -> 6 | AY31: ='1'!AY31 -> 2219 | AZ31: 3 | BA31: 379 | BB31: =BA31+'1'!BB31 -> 933 | BC31: =BB31/AY31 -> 0.42045967 | BD31: ='1'!BD31 -> 8 | BE31: ='1'!BE31 -> 748 | BF31: 6 | BG31: 309 | BH31: =BG31+'1'!BH31 -> 502 | BI31: =BH31/BE31 -> 0.67112299
A32: 22 | B32: ='1'!B32 -> أشـــــــــــــــــليم | C32: ='1'!C32 -> 2638 | D32: 3 | E32: 7 | F32: =E32+'1'!F32 -> 14 | G32: 182 | H32: =G32+'1'!H32 -> 276 | I32: 1030 | J32: =I32+'1'!J32 -> 1428 | K32: 0 | L32: =K32+'1'!L32 -> 0 | M32: 0 | N32: =M32+'1'!N32 -> 0 | O32: 0 | P32: =O32+'1'!P32 -> 0 | Q32: =O32+M32+K32+I32+G32+E32 -> 1219 | R32: =Q32+'1'!R32 -> 1718 | S32: =R32/C32 -> 0.65125095 | T32: 97 | U32: =T32+'1'!U32 -> 142 | V32: 117 | W32: =V32+'1'!W32 -> 117 | X32: 0 | Y32: =X32+'1'!Y32 -> 0 | AB32: 22 | AC32: =AW32 -> أشـــــــــــــــــليم | AD32: ='1'!AI32 -> 180 | AE32: 0 | AF32: =AE32+'1'!AF32 -> 232 | AG32: 125 | AH32: =AG32+'1'!AH32 -> 177 | AI32: =AD32+AE32-AG32 -> 55 | AJ32: =Q32/AG32 -> 9.752 | AK32: =R32/AH32 -> 9.7062147 | AW32: =B32 -> أشـــــــــــــــــليم | AX32: ='1'!AX32 -> 8 | AY32: ='1'!AY32 -> 1819 | AZ32: 4 | BA32: 1037 | BB32: =BA32+'1'!BB32 -> 1469 | BC32: =BB32/AY32 -> 0.80758659 | BD32: ='1'!BD32 -> 7 | BE32: ='1'!BE32 -> 176 | BF32: 6 | BG32: 182 | BH32: =BG32+'1'!BH32 -> 239 | BI32: =BH32/BE32 -> 1.3579545
A33: 23 | B33: ='1'!B33 -> شبرا قبالــــــــــه | C33: ='1'!C33 -> 2050 | D33: 2 | E33: 2 | F33: =E33+'1'!F33 -> 3 | G33: 463 | H33: =G33+'1'!H33 -> 509 | I33: 65 | J33: =I33+'1'!J33 -> 758 | K33: 0 | L33: =K33+'1'!L33 -> 0 | M33: 0 | N33: =M33+'1'!N33 -> 0 | O33: 0 | P33: =O33+'1'!P33 -> 0 | Q33: =O33+M33+K33+I33+G33+E33 -> 530 | R33: =Q33+'1'!R33 -> 1270 | S33: =R33/C33 -> 0.6195122 | T33: 0 | U33: =T33+'1'!U33 -> 96 | V33: 60 | W33: =V33+'1'!W33 -> 64 | X33: 0 | Y33: =X33+'1'!Y33 -> 0 | AB33: 23 | AC33: =AW33 -> شبرا قبالــــــــــه | AD33: ='1'!AI33 -> 106 | AE33: 0 | AF33: =AE33+'1'!AF33 -> 180 | AG33: 53 | AH33: =AG33+'1'!AH33 -> 127 | AI33: =AD33+AE33-AG33 -> 53 | AJ33: =Q33/AG33 -> 10 | AK33: =R33/AH33 -> 10 | AW33: =B33 -> شبرا قبالــــــــــه | AX33: ='1'!AX33 -> 1 | AY33: ='1'!AY33 -> 918 | AZ33: 1 | BA33: 60 | BB33: =BA33+'1'!BB33 -> 780 | BC33: =BB33/AY33 -> 0.8496732 | BD33: ='1'!BD33 -> 5 | BE33: ='1'!BE33 -> 375 | BF33: 6 | BG33: 430 | BH33: =BG33+'1'!BH33 -> 430 | BI33: =BH33/BE33 -> 1.1466667
A34: 24 | B34: ='1'!B34 -> عرب الرمـــــــل | C34: ='1'!C34 -> 5755 | D34: 4 | E34: 9 | F34: =E34+'1'!F34 -> 16 | G34: 373 | H34: =G34+'1'!H34 -> 514 | I34: 437 | J34: =I34+'1'!J34 -> 1057 | K34: 0 | L34: =K34+'1'!L34 -> 0 | M34: 0 | N34: =M34+'1'!N34 -> 0 | O34: 0 | P34: =O34+'1'!P34 -> 0 | Q34: =O34+M34+K34+I34+G34+E34 -> 819 | R34: =Q34+'1'!R34 -> 1587 | S34: =R34/C34 -> 0.27576021 | T34: 204 | U34: =T34+'1'!U34 -> 488 | V34: 41 | W34: =V34+'1'!W34 -> 41 | X34: 0 | Y34: =X34+'1'!Y34 -> 0 | AB34: 24 | AC34: =AW34 -> عرب الرمـــــــل | AD34: ='1'!AI34 -> 427 | AF34: =AE34+'1'!AF34 -> 505 | AG34: 83 | AH34: =AG34+'1'!AH34 -> 161 | AI34: =AD34+AE34-AG34 -> 344 | AJ34: =Q34/AG34 -> 9.8674699 | AK34: =R34/AH34 -> 9.8571429 | AW34: =B34 -> عرب الرمـــــــل | AX34: ='1'!AX34 -> 6 | AY34: ='1'!AY34 -> 2210 | AZ34: 5 | BA34: 509 | BB34: =BA34+'1'!BB34 -> 1146 | BC34: =BB34/AY34 -> 0.51855204 | BD34: ='1'!BD34 -> 9 | BE34: ='1'!BE34 -> 932 | BF34: 4 | BG34: 610 | BH34: =BG34+'1'!BH34 -> 741 | BI34: =BH34/BE34 -> 0.79506438
A35: 25 | B35: ='1'!B35 -> كفر ميت سراج | C35: ='1'!C35 -> 1840 | D35: 2 | E35: 2 | F35: =E35+'1'!F35 -> 4 | G35: 62 | H35: =G35+'1'!H35 -> 121 | I35: 288 | J35: =I35+'1'!J35 -> 587 | K35: 0 | L35: =K35+'1'!L35 -> 0 | M35: 0 | N35: =M35+'1'!N35 -> 0 | O35: 0 | P35: =O35+'1'!P35 -> 0 | Q35: =O35+M35+K35+I35+G35+E35 -> 352 | R35: =Q35+'1'!R35 -> 712 | S35: =R35/C35 -> 0.38695652 | T35: 28 | U35: =T35+'1'!U35 -> 79 | V35: 3 | W35: =V35+'1'!W35 -> 6 | X35: 0 | Y35: =X35+'1'!Y35 -> 0 | AB35: 25 | AC35: =AW35 -> كفر ميت سراج | AD35: ='1'!AI35 -> 126 | AE35: 0 | AF35: =AE35+'1'!AF35 -> 162 | AG35: 38 | AH35: =AG35+'1'!AH35 -> 74 | AI35: =AD35+AE35-AG35 -> 88 | AJ35: =Q35/AG35 -> 9.2631579 | AK35: =R35/AH35 -> 9.6216216 | AW35: =B35 -> كفر ميت سراج | AX35: ='1'!AX35 -> 3 | AY35: ='1'!AY35 -> 1011 | AZ35: 1 | BA35: 276 | BB35: =BA35+'1'!BB35 -> 596 | BC35: =BB35/AY35 -> 0.58951533 | BD35: ='1'!BD35 -> 4 | BE35: ='1'!BE35 -> 413 | BF35: 0 | BG35: 0 | BH35: =BG35+'1'!BH35 -> 0 | BI35: =BH35/BE35 -> 0
A36: 26 | B36: ='1'!B36 -> كفر أبشيش | C36: ='1'!C36 -> 1345 | D36: 2 | E36: 3 | F36: =E36+'1'!F36 -> 6 | G36: 65 | H36: =G36+'1'!H36 -> 123 | I36: 242 | J36: =I36+'1'!J36 -> 547 | K36: 0 | L36: =K36+'1'!L36 -> 0 | M36: 0 | N36: =M36+'1'!N36 -> 0 | O36: 0 | P36: =O36+'1'!P36 -> 0 | Q36: =O36+M36+K36+I36+G36+E36 -> 310 | R36: =Q36+'1'!R36 -> 676 | S36: =R36/C36 -> 0.50260223 | T36: 35 | U36: =T36+'1'!U36 -> 72 | V36: 0 | W36: =V36+'1'!W36 -> 0 | X36: 0 | Y36: =X36+'1'!Y36 -> 0 | AB36: 26 | AC36: =AW36 -> كفر أبشيش | AD36: ='1'!AI36 -> 82 | AE36: 0 | AF36: =AE36+'1'!AF36 -> 119 | AG36: 31 | AH36: =AG36+'1'!AH36 -> 68 | AI36: =AD36+AE36-AG36 -> 51 | AJ36: =Q36/AG36 -> 10 | AK36: =R36/AH36 -> 9.9411765 | AW36: =B36 -> كفر أبشيش | AX36: ='1'!AX36 -> 1 | AY36: ='1'!AY36 -> 860 | AZ36: 1 | BA36: 230 | BB36: =BA36+'1'!BB36 -> 530 | BC36: =BB36/AY36 -> 0.61627907 | BD36: ='1'!BD36 -> 4 | BE36: ='1'!BE36 -> 194 | BF36: 0 | BG36: 0 | BH36: =BG36+'1'!BH36 -> 0 | BI36: =BH36/BE36 -> 0
A37: 27 | B37: ='1'!B37 -> كفر ميت العبسى | C37: ='1'!C37 -> 1180 | D37: 2 | E37: 6 | F37: =E37+'1'!F37 -> 6 | G37: 127 | H37: =G37+'1'!H37 -> 141 | I37: 87 | J37: =I37+'1'!J37 -> 436 | K37: 0 | L37: =K37+'1'!L37 -> 0 | M37: 0 | N37: =M37+'1'!N37 -> 0 | O37: 0 | P37: =O37+'1'!P37 -> 0 | Q37: =O37+M37+K37+I37+G37+E37 -> 220 | R37: =Q37+'1'!R37 -> 583 | S37: =R37/C37 -> 0.4940678 | T37: 13 | U37: =T37+'1'!U37 -> 48 | V37: 8 | W37: =V37+'1'!W37 -> 9 | X37: 0 | Y37: =X37+'1'!Y37 -> 0 | AB37: 27 | AC37: =AW37 -> كفر ميت العبسى | AD37: ='1'!AI37 -> 67 | AE37: 0 | AF37: =AE37+'1'!AF37 -> 104 | AG37: 22 | AH37: =AG37+'1'!AH37 -> 59 | AI37: =AD37+AE37-AG37 -> 45 | AJ37: =Q37/AG37 -> 10 | AK37: =R37/AH37 -> 9.8813559 | AW37: =B37 -> كفر ميت العبسى | AX37: ='1'!AX37 -> 2 | AY37: ='1'!AY37 -> 494 | AZ37: 1 | BA37: 63 | BB37: =BA37+'1'!BB37 -> 416 | BC37: =BB37/AY37 -> 0.84210526 | BD37: ='1'!BD37 -> 4 | BE37: ='1'!BE37 -> 114 | BF37: 2 | BG37: 73 | BH37: =BG37+'1'!BH37 -> 73 | BI37: =BH37/BE37 -> 0.64035088
A38: 28 | B38: ='1'!B38 -> كفر وهــــــــــب | C38: ='1'!C38 -> 1855 | D38: 2 | E38: 2 | F38: =E38+'1'!F38 -> 3 | G38: 66 | H38: =G38+'1'!H38 -> 102 | I38: 246 | J38: =I38+'1'!J38 -> 576 | K38: 0 | L38: =K38+'1'!L38 -> 0 | M38: 0 | N38: =M38+'1'!N38 -> 0 | O38: 0 | P38: =O38+'1'!P38 -> 0 | Q38: =O38+M38+K38+I38+G38+E38 -> 314 | R38: =Q38+'1'!R38 -> 681 | S38: =R38/C38 -> 0.3671159 | T38: 65 | U38: =T38+'1'!U38 -> 112 | V38: 3 | W38: =V38+'1'!W38 -> 4 | X38: 0 | Y38: =X38+'1'!Y38 -> 0 | AB38: 28 | AC38: =AW38 -> كفر وهــــــــــب | AD38: ='1'!AI38 -> 126 | AE38: 0 | AF38: =AE38+'1'!AF38 -> 163 | AG38: 33 | AH38: =AG38+'1'!AH38 -> 70 | AI38: =AD38+AE38-AG38 -> 93 | AJ38: =Q38/AG38 -> 9.5151515 | AK38: =R38/AH38 -> 9.7285714 | AW38: =B38 -> كفر وهــــــــــب | AX38: ='1'!AX38 -> 2 | AY38: ='1'!AY38 -> 793 | AZ38: 2 | BA38: 283 | BB38: =BA38+'1'!BB38 -> 623 | BC38: =BB38/AY38 -> 0.78562421 | BD38: ='1'!BD38 -> 3 | BE38: ='1'!BE38 -> 180 | BF38: 0 | BG38: 0 | BH38: =BG38+'1'!BH38 -> 0 | BI38: =BH38/BE38 -> 0
A39: 29 | B39: ='1'!B39 -> دمــــــــــــــهوج | C39: ='1'!C39 -> 2738 | D39: 3 | E39: 0 | F39: =E39+'1'!F39 -> 1 | G39: 96 | H39: =G39+'1'!H39 -> 141 | I39: 305 | J39: =I39+'1'!J39 -> 829 | K39: 0 | L39: =K39+'1'!L39 -> 0 | M39: 0 | N39: =M39+'1'!N39 -> 0 | O39: 0 | P39: =O39+'1'!P39 -> 0 | Q39: =O39+M39+K39+I39+G39+E39 -> 401 | R39: =Q39+'1'!R39 -> 971 | S39: =R39/C39 -> 0.35463842 | T39: 73 | U39: =T39+'1'!U39 -> 138 | V39: 3 | W39: =V39+'1'!W39 -> 3 | X39: 0 | Y39: =X39+'1'!Y39 -> 0 | AB39: 29 | AC39: =AW39 -> دمــــــــــــــهوج | AD39: ='1'!AI39 -> 182 | AE39: 0 | AF39: =AE39+'1'!AF39 -> 240 | AG39: 41 | AH39: =AG39+'1'!AH39 -> 99 | AI39: =AD39+AE39-AG39 -> 141 | AJ39: =Q39/AG39 -> 9.7804878 | AK39: =R39/AH39 -> 9.8080808 | AW39: =B39 -> دمــــــــــــــهوج | AX39: ='1'!AX39 -> 2 | AY39: ='1'!AY39 -> 1086 | AZ39: 1 | BA39: 304 | BB39: =BA39+'1'!BB39 -> 834 | BC39: =BB39/AY39 -> 0.7679558 | BD39: ='1'!BD39 -> 10 | BE39: ='1'!BE39 -> 455 | BF39: 2 | BG39: 90 | BH39: =BG39+'1'!BH39 -> 130 | BI39: =BH39/BE39 -> 0.28571429
A40: 30 | B40: ='1'!B40 -> كفر زين الدين | C40: ='1'!C40 -> 819 | D40: 2 | E40: 1 | F40: =E40+'1'!F40 -> 6 | G40: 135 | H40: =G40+'1'!H40 -> 208 | I40: 164 | J40: =I40+'1'!J40 -> 416 | K40: 0 | L40: =K40+'1'!L40 -> 0 | M40: 0 | N40: =M40+'1'!N40 -> 0 | O40: 0 | P40: =O40+'1'!P40 -> 0 | Q40: =O40+M40+K40+I40+G40+E40 -> 300 | R40: =Q40+'1'!R40 -> 630 | S40: =R40/C40 -> 0.76923077 | T40: 38 | U40: =T40+'1'!U40 -> 76 | V40: 9 | W40: =V40+'1'!W40 -> 16 | X40: 0 | Y40: =X40+'1'!Y40 -> 0 | AB40: 30 | AC40: =AW40 -> كفر زين الدين | AD40: ='1'!AI40 -> 37 | AE40: 0 | AF40: =AE40+'1'!AF40 -> 70 | AG40: 30 | AH40: =AG40+'1'!AH40 -> 63 | AI40: =AD40+AE40-AG40 -> 7 | AJ40: =Q40/AG40 -> 10 | AK40: =R40/AH40 -> 10 | AW40: =B40 -> كفر زين الدين | AX40: ='1'!AX40 -> 1 | AY40: ='1'!AY40 -> 563 | AZ40: 1 | BA40: 154 | BB40: =BA40+'1'!BB40 -> 354 | BC40: =BB40/AY40 -> 0.62877442 | BD40: ='1'!BD40 -> 2 | BE40: ='1'!BE40 -> 87 | BF40: 3 | BG40: 96 | BH40: =BG40+'1'!BH40 -> 166 | BI40: =BH40/BE40 -> 1.908046
A41: 31 | B41: ='1'!B41 -> عزبــة أبوالنصر | C41: ='1'!C41 -> 410 | D41: 2 | E41: 1 | F41: =E41+'1'!F41 -> 9 | G41: 37 | H41: =G41+'1'!H41 -> 203 | I41: 12 | J41: =I41+'1'!J41 -> 120 | K41: 0 | L41: =K41+'1'!L41 -> 0 | M41: 0 | N41: =M41+'1'!N41 -> 0 | O41: 0 | P41: =O41+'1'!P41 -> 0 | Q41: =O41+M41+K41+I41+G41+E41 -> 50 | R41: =Q41+'1'!R41 -> 332 | S41: =R41/C41 -> 0.8097561 | T41: 0 | U41: =T41+'1'!U41 -> 0 | V41: 0 | W41: =V41+'1'!W41 -> 0 | X41: 0 | Y41: =X41+'1'!Y41 -> 0 | AB41: 31 | AC41: =AW41 -> عزبــة أبوالنصر | AD41: ='1'!AI41 -> 6 | AE41: 0 | AF41: =AE41+'1'!AF41 -> 35 | AG41: 5 | AH41: =AG41+'1'!AH41 -> 34 | AI41: =AD41+AE41-AG41 -> 1 | AJ41: =Q41/AG41 -> 10 | AK41: =R41/AH41 -> 9.7647059 | AW41: =B41 -> عزبــة أبوالنصر | AX41: ='1'!AX41 -> 2 | AY41: ='1'!AY41 -> 70 | AZ41: 1 | BA41: 0 | BB41: =BA41+'1'!BB41 -> 65 | BC41: =BB41/AY41 -> 0.92857143 | BD41: ='1'!BD41 -> 3 | BE41: ='1'!BE41 -> 75 | BF41: 2 | BG41: 21 | BH41: =BG41+'1'!BH41 -> 36 | BI41: =BH41/BE41 -> 0.48
A42: 32 | B42: ='1'!B42 -> شمنديــــــــــــــل | C42: ='1'!C42 -> 880 | D42: 2 | E42: 6 | F42: =E42+'1'!F42 -> 6 | G42: 110 | H42: =G42+'1'!H42 -> 175 | I42: 126 | J42: =I42+'1'!J42 -> 402 | K42: 0 | L42: =K42+'1'!L42 -> 0 | M42: 0 | N42: =M42+'1'!N42 -> 0 | O42: 0 | P42: =O42+'1'!P42 -> 0 | Q42: =O42+M42+K42+I42+G42+E42 -> 242 | R42: =Q42+'1'!R42 -> 583 | S42: =R42/C42 -> 0.6625 | T42: 28 | U42: =T42+'1'!U42 -> 69 | V42: 4 | W42: =V42+'1'!W42 -> 4 | X42: 0 | Y42: =X42+'1'!Y42 -> 0 | AB42: 32 | AC42: =AW42 -> شمنديــــــــــــــل | AD42: ='1'!AI42 -> 43 | AE42: 0 | AF42: =AE42+'1'!AF42 -> 78 | AG42: 26 | AH42: =AG42+'1'!AH42 -> 61 | AI42: =AD42+AE42-AG42 -> 17 | AJ42: =Q42/AG42 -> 9.3076923 | AK42: =R42/AH42 -> 9.557377 | AW42: =B42 -> شمنديــــــــــــــل | AX42: ='1'!AX42 -> 2 | AY42: ='1'!AY42 -> 569 | AZ42: 1 | BA42: 132 | BB42: =BA42+'1'!BB42 -> 453 | BC42: =BB42/AY42 -> 0.79613357 | BD42: ='1'!BD42 -> 1 | BE42: ='1'!BE42 -> 39 | BF42: 2 | BG42: 82 | BH42: =BG42+'1'!BH42 -> 82 | BI42: =BH42/BE42 -> 2.1025641
A43: 33 | B43: ='1'!B43 -> كفور الرمل | C43: ='1'!C43 -> 1721 | D43: 3 | E43: 7 | F43: =E43+'1'!F43 -> 7 | G43: 200 | H43: =G43+'1'!H43 -> 413 | I43: 298 | J43: =I43+'1'!J43 -> 646 | K43: 0 | L43: =K43+'1'!L43 -> 0 | M43: 0 | N43: =M43+'1'!N43 -> 0 | O43: 0 | P43: =O43+'1'!P43 -> 0 | Q43: =O43+M43+K43+I43+G43+E43 -> 505 | R43: =Q43+'1'!R43 -> 1066 | S43: =R43/C43 -> 0.61940732 | T43: 72 | U43: =T43+'1'!U43 -> 192 | V43: 0 | W43: =V43+'1'!W43 -> 0 | X43: 0 | Y43: =X43+'1'!Y43 -> 0 | AB43: 33 | AC43: =AW43 -> كفور الرمل | AD43: ='1'!AI43 -> 89 | AE43: 0 | AF43: =AE43+'1'!AF43 -> 150 | AG43: 55 | AH43: =AG43+'1'!AH43 -> 116 | AI43: =AD43+AE43-AG43 -> 34 | AJ43: =Q43/AG43 -> 9.1818182 | AK43: =R43/AH43 -> 9.1896552 | AW43: =B43 -> كفور الرمل | AX43: ='1'!AX43 -> 4 | AY43: ='1'!AY43 -> 1335 | AZ43: 1 | BA43: 296 | BB43: =BA43+'1'!BB43 -> 850 | BC43: =BB43/AY43 -> 0.63670412 | BD43: ='1'!BD43 -> 7 | BE43: ='1'!BE43 -> 753 | BF43: 3 | BG43: 169 | BH43: =BG43+'1'!BH43 -> 382 | BI43: =BH43/BE43 -> 0.50730412
A44: 34 | B44: ='1'!B44 -> منشأة أم خنان | C44: ='1'!C44 -> 510 | D44: 2 | E44: 2 | F44: =E44+'1'!F44 -> 8 | G44: 124 | H44: =G44+'1'!H44 -> 149 | I44: 9 | J44: =I44+'1'!J44 -> 285 | L44: =K44+'1'!L44 -> 0 | N44: =M44+'1'!N44 -> 0 | P44: =O44+'1'!P44 -> 0 | Q44: =O44+M44+K44+I44+G44+E44 -> 135 | R44: =Q44+'1'!R44 -> 442 | S44: =R44/C44 -> 0.86666667 | T44: 0 | U44: =T44+'1'!U44 -> 7 | V44: 0 | W44: =V44+'1'!W44 -> 1 | Y44: =X44+'1'!Y44 -> 0 | AB44: 34 | AC44: =AW44 -> منشأة أم خنان | AD44: ='1'!AI44 -> 14 | AE44: 10 | AF44: =AE44+'1'!AF44 -> 55 | AG44: 14 | AH44: =AG44+'1'!AH44 -> 45 | AI44: =AD44+AE44-AG44 -> 10 | AJ44: =Q44/AG44 -> 9.6428571 | AK44: =R44/AH44 -> 9.8222222 | AW44: =B44 -> منشأة أم خنان | AX44: ='1'!AX44 -> 1 | AY44: ='1'!AY44 -> 277 | AZ44: 0 | BA44: 0 | BB44: =BA44+'1'!BB44 -> 269 | BC44: =BB44/AY44 -> 0.97111913 | BD44: ='1'!BD44 -> 3 | BE44: ='1'!BE44 -> 170 | BF44: 2 | BG44: 95 | BH44: =BG44+'1'!BH44 -> 95 | BI44: =BH44/BE44 -> 0.55882353
A45: 35 | B45: ='1'!B45 -> 0 | C45: ='1'!C45 -> 0 | F45: =E45+'1'!F45 -> 0 | H45: =G45+'1'!H45 -> 0 | J45: =I45+'1'!J45 -> 0 | L45: =K45+'1'!L45 -> 0 | N45: =M45+'1'!N45 -> 0 | P45: =O45+'1'!P45 -> 0 | Q45: =O45+M45+K45+I45+G45+E45 -> 0 | R45: =Q45+'1'!R45 -> 0 | S45: =R45/C45 -> #DIV/0! | U45: =T45+'1'!U45 -> 0 | W45: =V45+'1'!W45 -> 0 | Y45: =X45+'1'!Y45 -> 0 | AB45: 35 | AC45: =AW45 -> 0 | AD45: ='1'!AI45 -> 0 | AF45: =AE45+'1'!AF45 -> 0 | AH45: =AG45+'1'!AH45 -> 0 | AI45: =AD45+AE45-AG45 -> 0 | AJ45: =Q45/AG45 -> #DIV/0! | AK45: =R45/AH45 -> #DIV/0! | AW45: =B45 -> 0 | AX45: ='1'!AX45 -> 0 | AY45: ='1'!AY45 -> 0 | BB45: =BA45+'1'!BB45 -> 0 | BC45: =BB45/AY45 -> #DIV/0! | BD45: ='1'!BD45 -> 0 | BE45: ='1'!BE45 -> 0 | BH45: =BG45+'1'!BH45 -> 0 | BI45: =BH45/BE45 -> #DIV/0!
A46: 36 | B46: ='1'!B46 -> 0 | C46: ='1'!C46 -> 0 | F46: =E46+'1'!F46 -> 0 | H46: =G46+'1'!H46 -> 0 | J46: =I46+'1'!J46 -> 0 | L46: =K46+'1'!L46 -> 0 | N46: =M46+'1'!N46 -> 0 | P46: =O46+'1'!P46 -> 0 | Q46: =O46+M46+K46+I46+G46+E46 -> 0 | R46: =Q46+'1'!R46 -> 0 | S46: =R46/C46 -> #DIV/0! | U46: =T46+'1'!U46 -> 0 | W46: =V46+'1'!W46 -> 0 | Y46: =X46+'1'!Y46 -> 0 | AB46: 36 | AC46: =AW46 -> 0 | AD46: ='1'!AI46 -> 0 | AF46: =AE46+'1'!AF46 -> 0 | AH46: =AG46+'1'!AH46 -> 0 | AI46: =AD46+AE46-AG46 -> 0 | AJ46: =Q46/AG46 -> #DIV/0! | AK46: =R46/AH46 -> #DIV/0! | AW46: =B46 -> 0 | AX46: ='1'!AX46 -> 0 | AY46: ='1'!AY46 -> 0 | BB46: =BA46+'1'!BB46 -> 0 | BC46: =BB46/AY46 -> #DIV/0! | BD46: ='1'!BD46 -> 0 | BE46: ='1'!BE46 -> 0 | BH46: =BG46+'1'!BH46 -> 0 | BI46: =BH46/BE46 -> #DIV/0!
A47: 37 | B47: ='1'!B47 -> 0 | C47: ='1'!C47 -> 0 | F47: =E47+'1'!F47 -> 0 | H47: =G47+'1'!H47 -> 0 | J47: =I47+'1'!J47 -> 0 | L47: =K47+'1'!L47 -> 0 | N47: =M47+'1'!N47 -> 0 | P47: =O47+'1'!P47 -> 0 | Q47: =O47+M47+K47+I47+G47+E47 -> 0 | R47: =Q47+'1'!R47 -> 0 | S47: =R47/C47 -> #DIV/0! | U47: =T47+'1'!U47 -> 0 | W47: =V47+'1'!W47 -> 0 | Y47: =X47+'1'!Y47 -> 0 | AB47: 37 | AC47: =AW47 -> 0 | AD47: ='1'!AI47 -> 0 | AF47: =AE47+'1'!AF47 -> 0 | AH47: =AG47+'1'!AH47 -> 0 | AI47: =AD47+AE47-AG47 -> 0 | AJ47: =Q47/AG47 -> #DIV/0! | AK47: =R47/AH47 -> #DIV/0! | AW47: =B47 -> 0 | AX47: ='1'!AX47 -> 0 | AY47: ='1'!AY47 -> 0 | BB47: =BA47+'1'!BB47 -> 0 | BC47: =BB47/AY47 -> #DIV/0! | BD47: ='1'!BD47 -> 0 | BE47: ='1'!BE47 -> 0 | BH47: =BG47+'1'!BH47 -> 0 | BI47: =BH47/BE47 -> #DIV/0!
A48: 38 | B48: ='1'!B48 -> 0 | C48: ='1'!C48 -> 0 | F48: =E48+'1'!F48 -> 0 | H48: =G48+'1'!H48 -> 0 | J48: =I48+'1'!J48 -> 0 | L48: =K48+'1'!L48 -> 0 | N48: =M48+'1'!N48 -> 0 | P48: =O48+'1'!P48 -> 0 | Q48: =O48+M48+K48+I48+G48+E48 -> 0 | R48: =Q48+'1'!R48 -> 0 | S48: =R48/C48 -> #DIV/0! | U48: =T48+'1'!U48 -> 0 | W48: =V48+'1'!W48 -> 0 | Y48: =X48+'1'!Y48 -> 0 | AB48: 38 | AC48: =AW48 -> 0 | AD48: ='1'!AI48 -> 0 | AF48: =AE48+'1'!AF48 -> 0 | AH48: =AG48+'1'!AH48 -> 0 | AI48: =AD48+AE48-AG48 -> 0 | AJ48: =Q48/AG48 -> #DIV/0! | AK48: =R48/AH48 -> #DIV/0! | AW48: =B48 -> 0 | AX48: ='1'!AX48 -> 0 | AY48: ='1'!AY48 -> 0 | BB48: =BA48+'1'!BB48 -> 0 | BC48: =BB48/AY48 -> #DIV/0! | BD48: ='1'!BD48 -> 0 | BE48: ='1'!BE48 -> 0 | BH48: =BG48+'1'!BH48 -> 0 | BI48: =BH48/BE48 -> #DIV/0!
A49: 39 | B49: ='1'!B49 -> 0 | C49: ='1'!C49 -> 0 | F49: =E49+'1'!F49 -> 0 | H49: =G49+'1'!H49 -> 0 | J49: =I49+'1'!J49 -> 0 | L49: =K49+'1'!L49 -> 0 | N49: =M49+'1'!N49 -> 0 | P49: =O49+'1'!P49 -> 0 | Q49: =O49+M49+K49+I49+G49+E49 -> 0 | R49: =Q49+'1'!R49 -> 0 | S49: =R49/C49 -> #DIV/0! | U49: =T49+'1'!U49 -> 0 | W49: =V49+'1'!W49 -> 0 | Y49: =X49+'1'!Y49 -> 0 | AB49: 39 | AC49: =AW49 -> 0 | AD49: ='1'!AI49 -> 0 | AF49: =AE49+'1'!AF49 -> 0 | AH49: =AG49+'1'!AH49 -> 0 | AI49: =AD49+AE49-AG49 -> 0 | AJ49: =Q49/AG49 -> #DIV/0! | AK49: =R49/AH49 -> #DIV/0! | AW49: =B49 -> 0 | AX49: ='1'!AX49 -> 0 | AY49: ='1'!AY49 -> 0 | BB49: =BA49+'1'!BB49 -> 0 | BC49: =BB49/AY49 -> #DIV/0! | BD49: ='1'!BD49 -> 0 | BE49: ='1'!BE49 -> 0 | BH49: =BG49+'1'!BH49 -> 0 | BI49: =BH49/BE49 -> #DIV/0!
A50: 40 | B50: ='1'!B50 -> 0 | C50: ='1'!C50 -> 0 | F50: =E50+'1'!F50 -> 0 | H50: =G50+'1'!H50 -> 0 | J50: =I50+'1'!J50 -> 0 | L50: =K50+'1'!L50 -> 0 | N50: =M50+'1'!N50 -> 0 | P50: =O50+'1'!P50 -> 0 | Q50: =O50+M50+K50+I50+G50+E50 -> 0 | R50: =Q50+'1'!R50 -> 0 | S50: =R50/C50 -> #DIV/0! | U50: =T50+'1'!U50 -> 0 | W50: =V50+'1'!W50 -> 0 | Y50: =X50+'1'!Y50 -> 0 | AB50: 40 | AC50: =AW50 -> 0 | AD50: ='1'!AI50 -> 0 | AF50: =AE50+'1'!AF50 -> 0 | AH50: =AG50+'1'!AH50 -> 0 | AI50: =AD50+AE50-AG50 -> 0 | AJ50: =Q50/AG50 -> #DIV/0! | AK50: =R50/AH50 -> #DIV/0! | AW50: =B50 -> 0 | AX50: ='1'!AX50 -> 0 | AY50: ='1'!AY50 -> 0 | BB50: =BA50+'1'!BB50 -> 0 | BC50: =BB50/AY50 -> #DIV/0! | BD50: ='1'!BD50 -> 0 | BE50: ='1'!BE50 -> 0 | BH50: =BG50+'1'!BH50 -> 0 | BI50: =BH50/BE50 -> #DIV/0!
A51: الاجمالي | C51: =SUM(C11:C50) -> 97446 | D51: =SUM(D11:D50) -> 107 | E51: =SUM(E11:E50) -> 149 | F51: =SUM(F11:F50) -> 327 | G51: =SUM(G11:G50) -> 5159 | H51: =SUM(H11:H50) -> 8354 | I51: =SUM(I11:I50) -> 13506 | J51: =SUM(J11:J50) -> 30738 | ... R51: =SUM(R11:R50) -> 39419 | S51: =R51/C51 -> 0.40452148 | T51: =SUM(T11:T50) -> 2905 | U51: =SUM(U11:U50) -> 5746 | V51: =SUM(V11:V50) -> 593 | W51: =SUM(W11:W50) -> 627 | X51: =SUM(X11:X50) -> 0 | Y51: =SUM(Y11:Y50) -> 1 | AB51: اجمالي الوحدات | AD51: =SUM(AD11:AD50) -> 6430 | AE51: =SUM(AE11:AE50) -> 10 | AF51: =SUM(AF11:AF50) -> 8560 | AG51: =SUM(AG11:AG50) -> 1931 | AH51: =SUM(AH11:AH50) -> 4051 | AI51: =SUM(AI11:AI50) -> 4509 | AJ51: =Q51/AG51 -> 9.7431383 | AK51: =R51/AH51 -> 9.7306838 | AW51: الاجمالي | AX51: =SUM(AX11:AX50) -> 121 | AY51: =SUM(AY11:AY50) -> 50910 | AZ51: =SUM(AZ11:AZ50) -> 70 | BA51: =SUM(BA11:BA50) -> 13895 | BB51: =SUM(BB11:BB50) -> 32291 | BC51: =BB51/AY51 -> 0.63427617 | BD51: =SUM(BD11:BD50) -> 241 | BE51: =SUM(BE11:BE50) -> 14990 | BF51: =SUM(BF11:BF50) -> 63 | BG51: =SUM(BG11:BG50) -> 3217 | BH51: =SUM(BH11:BH50) -> 4571 | BI51: =BH51/BE51 -> 0.30493662
G54: مراقب التطعيمات مسؤل التطعيمات مدير الوقائي مدير الادارة | AB54: مراقب التطعيمات / مسئول التطعيمات / المدير الوقائى / مدير الادارة /
AX55: مراقب التطعيمات / مسئول التطعيمات / المدير الوقائى / مدير الادارة /

Sheet 3
A1: وزارة الصحة والسكان | AB1: وزارة الصحة والسكان | AW1: وزارة الصحة والسكان
A2: قطاع الطب الوقائي والصحة العامة | AB2: قطاع الطب الوقائي والصحة العامة | AW2: قطاع الطب الوقائي والصحة العامة
A3: الإدارة المركزية للصحة العامة | AB3: الإدارة المركزية للصحة العامة | AW3: الإدارة المركزية للصحة العامة
A4: الإدارة العامة لمكافحة الأمراض المعدية | AB4: الإدارة العامة لمكافحة الأمراض المعدية | AW4: الإدارة العامة لمكافحة الأمراض المعدية
A5: البرنامج الموسع للتطعيمات | AB5: البرنامج الموسع للتطعيمات | AW5: البرنامج الموسع للتطعيمات
A6: بيان باعداد المتطعمين و المتغيبين و الاثار الجانبية بالحملة القومية للتطعيم بطعم MR | AF6: البلاغ اليومى لحركة الطعوم بالحملة القومية للتطعيم بطعم MR | AY6: بيان المدارس و الحضانات بالحملة القومية للتطعيم بطعم MR
A7: مديرية الشئون الصحية / المنوفية الإدارة الصحية / قويسنا التاريخ / 27\10\2026 اليوم /الثلاثاء | AJ7: مديرية الشئون الصحية / الإدارة الصحية / التاريخ/ اليوم / | BC7: مديرية الشئون الصحية / الإدارة الصحية / التاريخ/ اليوم /
A8: م | B8: اسم الوحدة/ مكتب الصحة | C8: المستهدف | D8: عدد الفرق | E8: المتطعمين المصريين | K8: المتطعمين غير المصريين | Q8: الاجمالى | S8: النسبة | T8: المتغيبين عن التطعيم | V8: المطعمين من المتغيبين | X8: الاثار الجانبية | AB8: م | AC8: اسم الوحدة | AD8: الرصيد اول اليوم | AE8: عدد الزجاجات الواردة | AG8: عدد الزجاجات المستهلكة | AI8: عدد الزجاجات المتبقية | AJ8: معدل الزجاجة اليوم | AK8: معدل الزجاجة حتي اليوم | AM8: مخزن طعوم الادارة | AN8: التشغيلة | AO8: الرصيد اول اليوم | AP8: عدد الزجاجات الواردة | AR8: عدد الزجاجات المنصرفة | AT8: عدد الزجاجات المتبقية | AW8: اسم الوحدة | AX8: بيان المدارس | BD8: بيان الحضانات
E9: من 9 شهور لأقل من عام | G9: من عام لأقل من5 سنوات | I9: من 5 سنوات الى 10 سنة | K9: من 9 شهور لأقل من عام | M9: من عام لأقل من5 سنوات | O9: من 5 سنوات الى 10 سنة | AP9: اليوم | AQ9: حتى اليوم | AR9: اليوم | AS9: حتى اليوم | AX9: عدد المدارس | AY9: المستهدف | AZ9: عدد المدارس التي تم زيارتها حتى اليوم | BA9: عدد المتطعمين اليوم | BB9: عدد المتطعمين حتى اليوم | BC9: النسبة | BD9: عدد الحضانات | BE9: المستهدف | BF9: عدد الحضانات التي تم زيارتها حتى اليوم | BG9: عدد المتطعمين اليوم | BH9: عدد المتطعمين حتى اليوم | BI9: النسبة
E10: اليوم | F10: حتى اليوم | G10: اليوم | H10: حتى اليوم | I10: اليوم | J10: حتى اليوم | K10: اليوم | L10: حتى اليوم | M10: اليوم | N10: حتى اليوم | O10: اليوم | P10: حتى اليوم | Q10: اليوم | R10: حتى اليوم | T10: اليوم | U10: حتى اليوم | V10: اليوم | W10: حتى اليوم | X10: اليوم | Y10: حتى اليوم | AE10: اليوم | AF10: حتى اليوم | AG10: اليوم | AH10: حتى اليوم | AN10: ='2'!AN10 -> 0124W120 | AO10: ='2'!AT10 -> 73 | AP10: 0 | AQ10: =AP10+'2'!AQ10 -> 73 | AR10: 25 | AS10: =AR10+'2'!AS10 -> 25 | AT10: =AO10+AP10-AR10 -> 48
A11: 1 | B11: ='2'!B11 -> مكتب الصحة | C11: ='2'!C11 -> 12251 | D11: 13 | E11: 16 | F11: =E11+'2'!F11 -> 39 | G11: 887 | H11: =G11+'2'!H11 -> 1961 | I11: 1605 | J11: =I11+'2'!J11 -> 5340 | K11: 0 | L11: =K11+'2'!L11 -> 0 | M11: 0 | N11: =M11+'2'!N11 -> 0 | O11: 0 | P11: =O11+'2'!P11 -> 0 | Q11: =O11+M11+K11+I11+G11+E11 -> 2508 | R11: =Q11+'2'!R11 -> 7340 | S11: =R11/C11 -> 0.59913476 | T11: 463 | U11: =T11+'2'!U11 -> 1397 | V11: 4 | W11: =V11+'2'!W11 -> 4 | X11: 1 | Y11: =X11+'2'!Y11 -> 1 | AB11: 1 | AC11: ='2'!AC11 -> مكتب الصحة | AD11: ='2'!AI11 -> 584 | AE11: 6 | AF11: =AE11+'2'!AF11 -> 1082 | AG11: 257 | AH11: =AG11+'2'!AH11 -> 749 | AI11: =AD11+AE11-AG11 -> 333 | AJ11: =Q11/AG11 -> 9.7587549 | AK11: =R11/AH11 -> 9.799733 | AN11: ='2'!AN11 -> 420604325A | AO11: ='2'!AT11 -> 4499 | AQ11: =AP11+'2'!AQ11 -> 8550 | AR11: 1423 | AS11: =AR11+'2'!AS11 -> 5474 | AT11: =AO11+AP11-AR11 -> 3076 | AW11: ='2'!AW11 -> مكتب الصحة | AX11: ='2'!AX11 -> 11 | AY11: ='2'!AY11 -> 8411 | AZ11: 11 | BA11: 1822 | BB11: =BA11+'2'!BB11 -> 5998 | BC11: =BB11/AY11 -> 0.71311378 | BD11: ='2'!BD11 -> 27 | BE11: ='2'!BE11 -> 1746 | BF11: 13 | BG11: 346 | BH11: =BG11+'2'!BH11 -> 477 | BI11: =BH11/BE11 -> 0.27319588
A12: 2 | B12: ='2'!B12 -> شبرابخـــــــــــوم | C12: ='2'!C12 -> 4445 | D12: 4 | E12: 10 | F12: =E12+'2'!F12 -> 14 | G12: 265 | H12: =G12+'2'!H12 -> 392 | I12: 537 | J12: =I12+'2'!J12 -> 1857 | K12: 0 | L12: =K12+'2'!L12 -> 0 | M12: 0 | N12: =M12+'2'!N12 -> 0 | O12: 0 | P12: =O12+'2'!P12 -> 0 | Q12: =O12+M12+K12+I12+G12+E12 -> 812 | R12: =Q12+'2'!R12 -> 2263 | S12: =R12/C12 -> 0.50911136 | T12: 131 | U12: =T12+'2'!U12 -> 373 | V12: 11 | W12: =V12+'2'!W12 -> 15 | X12: 0 | Y12: =X12+'2'!Y12 -> 0 | AB12: 2 | AC12: ='2'!AC12 -> شبرابخـــــــــــوم | AD12: ='2'!AI12 -> 242 | AE12: 0 | AF12: =AE12+'2'!AF12 -> 390 | AG12: 84 | AH12: =AG12+'2'!AH12 -> 232 | AI12: =AD12+AE12-AG12 -> 158 | AJ12: =Q12/AG12 -> 9.6666667 | AK12: =R12/AH12 -> 9.7543103 | AN12: ='2'!AN12 -> 420604225A | AO12: ='2'!AT12 -> 100 | AQ12: =AP12+'2'!AQ12 -> 100 | AS12: =AR12+'2'!AS12 -> 0 | AT12: =AO12+AP12-AR12 -> 100 | AW12: ='2'!AW12 -> شبرابخـــــــــــوم | AX12: ='2'!AX12 -> 6 | AY12: ='2'!AY12 -> 2215 | AZ12: 6 | BA12: 855 | BB12: =BA12+'2'!BB12 -> 2306 | BC12: =BB12/AY12 -> 1.0410835 | BD12: ='2'!BD12 -> 16 | BE12: ='2'!BE12 -> 729 | BF12: 4 | BG12: 224 | BH12: =BG12+'2'!BH12 -> 224 | BI12: =BH12/BE12 -> 0.30727023
A13: 3 | B13: ='2'!B13 -> ميت بره | C13: ='2'!C13 -> 11614 | D13: 8 | E13: 27 | F13: =E13+'2'!F13 -> 45 | G13: 306 | H13: =G13+'2'!H13 -> 465 | I13: 732 | J13: =I13+'2'!J13 -> 3703 | K13: 0 | L13: =K13+'2'!L13 -> 0 | M13: 0 | N13: =M13+'2'!N13 -> 0 | O13: 0 | P13: =O13+'2'!P13 -> 0 | Q13: =O13+M13+K13+I13+G13+E13 -> 1065 | R13: =Q13+'2'!R13 -> 4213 | S13: =R13/C13 -> 0.36275185 | T13: 221 | U13: =T13+'2'!U13 -> 641 | V13: 0 | W13: =V13+'2'!W13 -> 0 | X13: 0 | Y13: =X13+'2'!Y13 -> 0 | AB13: 3 | AC13: ='2'!AC13 -> ميت بره | AD13: ='2'!AI13 -> 701 | AE13: 0 | AF13: =AE13+'2'!AF13 -> 1020 | AG13: 117 | AH13: =AG13+'2'!AH13 -> 436 | AI13: =AD13+AE13-AG13 -> 584 | AJ13: =Q13/AG13 -> 9.1025641 | AK13: =R13/AH13 -> 9.662844 | AN13: اجمالي المخزن | AO13: =SUM(AO10:AO12) -> 4672 | AP13: =SUM(AP10:AP12) -> 0 | AQ13: =SUM(AQ10:AQ12) -> 8723 | AR13: =SUM(AR10:AR12) -> 1448 | AS13: =SUM(AS10:AS12) -> 5499 | AT13: =SUM(AT10:AT12) -> 3224 | AW13: ='2'!AW13 -> ميت بره | AX13: ='2'!AX13 -> 8 | AY13: ='2'!AY13 -> 4849 | AZ13: 2 | BA13: 1165 | BB13: =BA13+'2'!BB13 -> 4093 | BC13: =BB13/AY13 -> 0.84409157 | BD13: ='2'!BD13 -> 21 | BE13: ='2'!BE13 -> 1129 | BF13: 1 | BG13: 128 | BH13: =BG13+'2'!BH13 -> 128 | BI13: =BH13/BE13 -> 0.11337467
A14: 4 | B14: ='2'!B14 -> أبنــــــــــــــــهس | C14: ='2'!C14 -> 5029 | D14: 4 | E14: 8 | F14: =E14+'2'!F14 -> 14 | G14: 310 | H14: =G14+'2'!H14 -> 349 | I14: 359 | J14: =I14+'2'!J14 -> 2016 | K14: 0 | L14: =K14+'2'!L14 -> 0 | M14: 0 | N14: =M14+'2'!N14 -> 0 | O14: 0 | P14: =O14+'2'!P14 -> 0 | Q14: =O14+M14+K14+I14+G14+E14 -> 677 | R14: =Q14+'2'!R14 -> 2379 | S14: =R14/C14 -> 0.47305627 | T14: 153 | U14: =T14+'2'!U14 -> 341 | V14: 10 | W14: =V14+'2'!W14 -> 29 | X14: 0 | Y14: =X14+'2'!Y14 -> 0 | AB14: 4 | AC14: ='2'!AC14 -> أبنــــــــــــــــهس | AD14: ='2'!AI14 -> 266 | AE14: 0 | AF14: =AE14+'2'!AF14 -> 440 | AG14: 70 | AH14: =AG14+'2'!AH14 -> 244 | AI14: =AD14+AE14-AG14 -> 196 | AJ14: =Q14/AG14 -> 9.6714286 | AK14: =R14/AH14 -> 9.75 | AM14: احمالي الوحدات ومخزن الادارة | AT14: =AT13+AI51 -> 6357 | AW14: ='2'!AW14 -> أبنــــــــــــــــهس | AX14: ='2'!AX14 -> 7 | AY14: ='2'!AY14 -> 2531 | AZ14: 7 | BA14: 390 | BB14: =BA14+'2'!BB14 -> 2092 | BC14: =BB14/AY14 -> 0.82655077 | BD14: ='2'!BD14 -> 23 | BE14: ='2'!BE14 -> 921 | BF14: 7 | BG14: 287 | BH14: =BG14+'2'!BH14 -> 287 | BI14: =BH14/BE14 -> 0.31161781
A15: 5 | B15: ='2'!B15 -> ميت ســـــــــراج | C15: ='2'!C15 -> 2369 | D15: 3 | E15: 1 | F15: =E15+'2'!F15 -> 4 | G15: 264 | H15: =G15+'2'!H15 -> 472 | I15: 23 | J15: =I15+'2'!J15 -> 839 | K15: 0 | L15: =K15+'2'!L15 -> 0 | M15: 0 | N15: =M15+'2'!N15 -> 0 | O15: 0 | P15: =O15+'2'!P15 -> 0 | Q15: =O15+M15+K15+I15+G15+E15 -> 288 | R15: =Q15+'2'!R15 -> 1315 | S15: =R15/C15 -> 0.55508653 | T15: 12 | U15: =T15+'2'!U15 -> 105 | V15: 19 | W15: =V15+'2'!W15 -> 37 | X15: 0 | Y15: =X15+'2'!Y15 -> 0 | AB15: 5 | AC15: ='2'!AC15 -> ميت ســـــــــراج | AD15: ='2'!AI15 -> 104 | AE15: 0 | AF15: =AE15+'2'!AF15 -> 209 | AG15: 30 | AH15: =AG15+'2'!AH15 -> 135 | AI15: =AD15+AE15-AG15 -> 74 | AJ15: =Q15/AG15 -> 9.6 | AK15: =R15/AH15 -> 9.7407407 | AW15: ='2'!AW15 -> ميت ســـــــــراج | AX15: ='2'!AX15 -> 2 | AY15: ='2'!AY15 -> 1041 | AZ15: 2 | BA15: 18 | BB15: =BA15+'2'!BB15 -> 874 | BC15: =BB15/AY15 -> 0.83957733 | BD15: ='2'!BD15 -> 5 | BE15: ='2'!BE15 -> 310 | BF15: 4 | BG15: 244 | BH15: =BG15+'2'!BH15 -> 385 | BI15: =BH15/BE15 -> 1.2419355
A16: 6 | B16: ='2'!B16 -> أم خــــــــــــــنان | C16: ='2'!C16 -> 4900 | D16: 4 | E16: 3 | F16: =E16+'2'!F16 -> 11 | G16: 67 | H16: =G16+'2'!H16 -> 280 | I16: 624 | J16: =I16+'2'!J16 -> 1942 | K16: 0 | L16: =K16+'2'!L16 -> 0 | M16: 0 | N16: =M16+'2'!N16 -> 0 | O16: 0 | P16: =O16+'2'!P16 -> 0 | Q16: =O16+M16+K16+I16+G16+E16 -> 694 | R16: =Q16+'2'!R16 -> 2233 | S16: =R16/C16 -> 0.45571429 | T16: 117 | U16: =T16+'2'!U16 -> 375 | V16: 0 | W16: =V16+'2'!W16 -> 0 | X16: 0 | Y16: =X16+'2'!Y16 -> 0 | AB16: 6 | AC16: ='2'!AC16 -> أم خــــــــــــــنان | AD16: ='2'!AI16 -> 274 | AE16: 0 | AF16: =AE16+'2'!AF16 -> 430 | AG16: 70 | AH16: =AG16+'2'!AH16 -> 226 | AI16: =AD16+AE16-AG16 -> 204 | AJ16: =Q16/AG16 -> 9.9142857 | AK16: =R16/AH16 -> 9.880531 | AW16: ='2'!AW16 -> أم خــــــــــــــنان | AX16: ='2'!AX16 -> 8 | AY16: ='2'!AY16 -> 2981 | AZ16: 6 | BA16: 664 | BB16: =BA16+'2'!BB16 -> 2132 | BC16: =BB16/AY16 -> 0.71519624 | BD16: ='2'!BD16 -> 12 | BE16: ='2'!BE16 -> 1313 | BF16: 0 | BG16: 0 | BH16: =BG16+'2'!BH16 -> 0 | BI16: =BH16/BE16 -> 0
A17: 7 | B17: ='2'!B17 -> أجهور الرمل | C17: ='2'!C17 -> 3590 | D17: 3 | E17: 8 | F17: =E17+'2'!F17 -> 17 | G17: 77 | H17: =G17+'2'!H17 -> 591 | I17: 488 | J17: =I17+'2'!J17 -> 1489 | K17: 0 | L17: =K17+'2'!L17 -> 0 | M17: 0 | N17: =M17+'2'!N17 -> 0 | O17: 0 | P17: =O17+'2'!P17 -> 0 | Q17: =O17+M17+K17+I17+G17+E17 -> 573 | R17: =Q17+'2'!R17 -> 2097 | S17: =R17/C17 -> 0.58412256 | T17: 0 | U17: =T17+'2'!U17 -> 360 | V17: 70 | W17: =V17+'2'!W17 -> 121 | X17: 0 | Y17: =X17+'2'!Y17 -> 0 | AB17: 7 | AC17: ='2'!AC17 -> أجهور الرمل | AD17: ='2'!AI17 -> 160 | AE17: 0 | AF17: =AE17+'2'!AF17 -> 316 | AG17: 60 | AH17: =AG17+'2'!AH17 -> 216 | AI17: =AD17+AE17-AG17 -> 100 | AJ17: =Q17/AG17 -> 9.55 | AK17: =R17/AH17 -> 9.7083333 | AW17: ='2'!AW17 -> أجهور الرمل | AX17: ='2'!AX17 -> 4 | AY17: ='2'!AY17 -> 1796 | AZ17: 4 | BA17: 459 | BB17: =BA17+'2'!BB17 -> 1422 | BC17: =BB17/AY17 -> 0.79175947 | BD17: ='2'!BD17 -> 3 | BE17: ='2'!BE17 -> 100 | BF17: 0 | BG17: 0 | BH17: =BG17+'2'!BH17 -> 441 | BI17: =BH17/BE17 -> 4.41
A18: 8 | B18: ='2'!B18 -> منشأة دمــــــــــلو | C18: ='2'!C18 -> 1320 | D18: 2 | E18: 5 | F18: =E18+'2'!F18 -> 18 | G18: 187 | H18: =G18+'2'!H18 -> 528 | I18: 22 | J18: =I18+'2'!J18 -> 704 | K18: 0 | L18: =K18+'2'!L18 -> 0 | M18: 0 | N18: =M18+'2'!N18 -> 0 | O18: 0 | P18: =O18+'2'!P18 -> 0 | Q18: =O18+M18+K18+I18+G18+E18 -> 214 | R18: =Q18+'2'!R18 -> 1250 | S18: =R18/C18 -> 0.9469697 | T18: 24 | U18: =T18+'2'!U18 -> 175 | V18: 23 | W18: =V18+'2'!W18 -> 38 | X18: 0 | Y18: =X18+'2'!Y18 -> 0 | AB18: 8 | AC18: ='2'!AC18 -> منشأة دمــــــــــلو | AD18: ='2'!AI18 -> 6 | AE18: 20 | AF18: =AE18+'2'!AF18 -> 135 | AG18: 22 | AH18: =AG18+'2'!AH18 -> 131 | AI18: =AD18+AE18-AG18 -> 4 | AJ18: =Q18/AG18 -> 9.7272727 | AK18: =R18/AH18 -> 9.5419847 | AW18: ='2'!AW18 -> منشأة دمــــــــــلو | AX18: ='2'!AX18 -> 2 | AY18: ='2'!AY18 -> 896 | AZ18: 2 | BA18: 0 | BB18: =BA18+'2'!BB18 -> 748 | BC18: =BB18/AY18 -> 0.83482143 | BD18: ='2'!BD18 -> 8 | BE18: ='2'!BE18 -> 340 | BF18: 6 | BG18: 140 | BH18: =BG18+'2'!BH18 -> 328 | BI18: =BH18/BE18 -> 0.96470588
A19: 9 | B19: ='2'!B19 -> شـــــــــــــرانيس | C19: ='2'!C19 -> 1414 | D19: 2 | E19: 0 | F19: =E19+'2'!F19 -> 11 | G19: 247 | H19: =G19+'2'!H19 -> 359 | I19: 61 | J19: =I19+'2'!J19 -> 618 | K19: 0 | L19: =K19+'2'!L19 -> 0 | M19: 0 | N19: =M19+'2'!N19 -> 0 | O19: 0 | P19: =O19+'2'!P19 -> 0 | Q19: =O19+M19+K19+I19+G19+E19 -> 308 | R19: =Q19+'2'!R19 -> 988 | S19: =R19/C19 -> 0.69872702 | T19: 42 | U19: =T19+'2'!U19 -> 143 | V19: 0 | W19: =V19+'2'!W19 -> 0 | X19: 0 | Y19: =X19+'2'!Y19 -> 0 | AB19: 9 | AC19: ='2'!AC19 -> شـــــــــــــرانيس | AD19: ='2'!AI19 -> 54 | AE19: 0 | AF19: =AE19+'2'!AF19 -> 125 | AG19: 32 | AH19: =AG19+'2'!AH19 -> 103 | AI19: =AD19+AE19-AG19 -> 22 | AJ19: =Q19/AG19 -> 9.625 | AK19: =R19/AH19 -> 9.592233 | AW19: ='2'!AW19 -> شـــــــــــــرانيس | AX19: ='2'!AX19 -> 2 | AY19: ='2'!AY19 -> 675 | AZ19: 2 | BA19: 0 | BB19: =BA19+'2'!BB19 -> 569 | BC19: =BB19/AY19 -> 0.84296296 | BD19: ='2'!BD19 -> 2 | BE19: ='2'!BE19 -> 397 | BF19: 2 | BG19: 286 | BH19: =BG19+'2'!BH19 -> 349 | BI19: =BH19/BE19 -> 0.8790932
A20: 10 | B20: ='2'!B20 -> قويســـــــــنا البلد | C20: ='2'!C20 -> 4115 | D20: 3 | E20: 6 | F20: =E20+'2'!F20 -> 27 | G20: 231 | H20: =G20+'2'!H20 -> 406 | I20: 239 | J20: =I20+'2'!J20 -> 1286 | K20: 0 | L20: =K20+'2'!L20 -> 0 | M20: 0 | N20: =M20+'2'!N20 -> 0 | O20: 0 | P20: =O20+'2'!P20 -> 0 | Q20: =O20+M20+K20+I20+G20+E20 -> 476 | R20: =Q20+'2'!R20 -> 1719 | S20: =R20/C20 -> 0.41773998 | T20: 86 | U20: =T20+'2'!U20 -> 405 | V20: 73 | W20: =V20+'2'!W20 -> 144 | X20: 0 | Y20: =X20+'2'!Y20 -> 0 | AB20: 10 | AC20: ='2'!AC20 -> قويســـــــــنا البلد | AD20: ='2'!AI20 -> 235 | AE20: 0 | AF20: =AE20+'2'!AF20 -> 360 | AG20: 50 | AH20: =AG20+'2'!AH20 -> 175 | AI20: =AD20+AE20-AG20 -> 185 | AJ20: =Q20/AG20 -> 9.52 | AK20: =R20/AH20 -> 9.8228571 | AW20: ='2'!AW20 -> قويســـــــــنا البلد | AX20: ='2'!AX20 -> 2 | AY20: ='2'!AY20 -> 1539 | AZ20: 2 | BA20: 222 | BB20: =BA20+'2'!BB20 -> 1355 | BC20: =BB20/AY20 -> 0.88044185 | BD20: ='2'!BD20 -> 7 | BE20: ='2'!BE20 -> 580 | BF20: 4 | BG20: 204 | BH20: =BG20+'2'!BH20 -> 204 | BI20: =BH20/BE20 -> 0.35172414
A21: 11 | B21: ='2'!B21 -> بجيرم | C21: ='2'!C21 -> 1782 | D21: 3 | E21: 0 | F21: =E21+'2'!F21 -> 8 | G21: 96 | H21: =G21+'2'!H21 -> 406 | I21: 69 | J21: =I21+'2'!J21 -> 755 | K21: 0 | L21: =K21+'2'!L21 -> 0 | M21: 0 | N21: =M21+'2'!N21 -> 0 | O21: 0 | P21: =O21+'2'!P21 -> 0 | Q21: =O21+M21+K21+I21+G21+E21 -> 165 | R21: =Q21+'2'!R21 -> 1169 | S21: =R21/C21 -> 0.65600449 | T21: 0 | U21: =T21+'2'!U21 -> 126 | V21: 25 | W21: =V21+'2'!W21 -> 44 | X21: 0 | Y21: =X21+'2'!Y21 -> 0 | AB21: 11 | AC21: ='2'!AC21 -> بجيرم | AD21: ='2'!AI21 -> 54 | AE21: 0 | AF21: =AE21+'2'!AF21 -> 157 | AG21: 17 | AH21: =AG21+'2'!AH21 -> 120 | AI21: =AD21+AE21-AG21 -> 37 | AJ21: =Q21/AG21 -> 9.7058824 | AK21: =R21/AH21 -> 9.7416667 | AW21: ='2'!AW21 -> بجيرم | AX21: ='2'!AX21 -> 4 | AY21: ='2'!AY21 -> 946 | AZ21: 4 | BA21: 189 | BB21: =BA21+'2'!BB21 -> 823 | BC21: =BB21/AY21 -> 0.86997886 | BD21: ='2'!BD21 -> 4 | BE21: ='2'!BE21 -> 99 | BF21: 4 | BG21: 30 | BH21: =BG21+'2'!BH21 -> 99 | BI21: =BH21/BE21 -> 1
A22: 12 | B22: ='2'!B22 -> كفر بنى غريـــان | C22: ='2'!C22 -> 2184 | D22: 3 | E22: 3 | F22: =E22+'2'!F22 -> 12 | G22: 170 | H22: =G22+'2'!H22 -> 471 | I22: 152 | J22: =I22+'2'!J22 -> 971 | K22: 0 | L22: =K22+'2'!L22 -> 0 | M22: 0 | N22: =M22+'2'!N22 -> 0 | O22: 0 | P22: =O22+'2'!P22 -> 0 | Q22: =O22+M22+K22+I22+G22+E22 -> 325 | R22: =Q22+'2'!R22 -> 1454 | S22: =R22/C22 -> 0.66575092 | T22: 66 | U22: =T22+'2'!U22 -> 174 | V22: 7 | W22: =V22+'2'!W22 -> 7 | X22: 0 | Y22: =X22+'2'!Y22 -> 0 | AB22: 12 | AC22: ='2'!AC22 -> كفر بنى غريـــان | AD22: ='2'!AI22 -> 75 | AE22: 0 | AF22: =AE22+'2'!AF22 -> 192 | AG22: 33 | AH22: =AG22+'2'!AH22 -> 150 | AI22: =AD22+AE22-AG22 -> 42 | AJ22: =Q22/AG22 -> 9.8484848 | AK22: =R22/AH22 -> 9.6933333 | AW22: ='2'!AW22 -> كفر بنى غريـــان | AX22: ='2'!AX22 -> 3 | AY22: ='2'!AY22 -> 1327 | AZ22: 3 | BA22: 65 | BB22: =BA22+'2'!BB22 -> 994 | BC22: =BB22/AY22 -> 0.74905803 | BD22: ='2'!BD22 -> 9 | BE22: ='2'!BE22 -> 381 | BF22: 7 | BG22: 158 | BH22: =BG22+'2'!BH22 -> 387 | BI22: =BH22/BE22 -> 1.015748
A23: 13 | B23: ='2'!B23 -> بــقســـــــــــــــــا | C23: ='2'!C23 -> 862 | D23: 2 | E23: 1 | F23: =E23+'2'!F23 -> 8 | G23: 44 | H23: =G23+'2'!H23 -> 160 | I23: 15 | J23: =I23+'2'!J23 -> 359 | K23: 0 | L23: =K23+'2'!L23 -> 0 | M23: 0 | N23: =M23+'2'!N23 -> 0 | O23: 0 | P23: =O23+'2'!P23 -> 0 | Q23: =O23+M23+K23+I23+G23+E23 -> 60 | R23: =Q23+'2'!R23 -> 527 | S23: =R23/C23 -> 0.61136891 | T23: 0 | U23: =T23+'2'!U23 -> 36 | V23: 0 | W23: =V23+'2'!W23 -> 14 | X23: 0 | Y23: =X23+'2'!Y23 -> 0 | AB23: 13 | AC23: ='2'!AC23 -> بــقســـــــــــــــــا | AD23: ='2'!AI23 -> 28 | AE23: 0 | AF23: =AE23+'2'!AF23 -> 75 | AG23: 6 | AH23: =AG23+'2'!AH23 -> 53 | AI23: =AD23+AE23-AG23 -> 22 | AJ23: =Q23/AG23 -> 10 | AK23: =R23/AH23 -> 9.9433962 | AW23: ='2'!AW23 -> بــقســـــــــــــــــا | AX23: ='2'!AX23 -> 1 | AY23: ='2'!AY23 -> 311 | AZ23: 0 | BA23: 0 | BB23: =BA23+'2'!BB23 -> 297 | BC23: =BB23/AY23 -> 0.95498392 | BD23: ='2'!BD23 -> 1 | BE23: ='2'!BE23 -> 40 | BF23: 0 | BG23: 0 | BH23: =BG23+'2'!BH23 -> 30 | BI23: =BH23/BE23 -> 0.75
A24: 14 | B24: ='2'!B24 -> كفــــــــر الأكرم | C24: ='2'!C24 -> 918 | D24: 2 | E24: 1 | F24: =E24+'2'!F24 -> 3 | G24: 114 | H24: =G24+'2'!H24 -> 233 | I24: 12 | J24: =I24+'2'!J24 -> 392 | K24: 0 | L24: =K24+'2'!L24 -> 0 | M24: 0 | N24: =M24+'2'!N24 -> 0 | O24: 0 | P24: =O24+'2'!P24 -> 0 | Q24: =O24+M24+K24+I24+G24+E24 -> 127 | R24: =Q24+'2'!R24 -> 628 | S24: =R24/C24 -> 0.68409586 | T24: 21 | U24: =T24+'2'!U24 -> 87 | V24: 2 | W24: =V24+'2'!W24 -> 9 | X24: 0 | Y24: =X24+'2'!Y24 -> 0 | AB24: 14 | AC24: ='2'!AC24 -> كفــــــــر الأكرم | AD24: ='2'!AI24 -> 29 | AE24: 0 | AF24: =AE24+'2'!AF24 -> 80 | AG24: 14 | AH24: =AG24+'2'!AH24 -> 65 | AI24: =AD24+AE24-AG24 -> 15 | AJ24: =Q24/AG24 -> 9.0714286 | AK24: =R24/AH24 -> 9.6615385 | AW24: ='2'!AW24 -> كفــــــــر الأكرم | AX24: ='2'!AX24 -> 2 | AY24: ='2'!AY24 -> 540 | AZ24: 2 | BA24: 2 | BB24: =BA24+'2'!BB24 -> 380 | BC24: =BB24/AY24 -> 0.7037037 | BD24: ='2'!BD24 -> 2 | BE24: ='2'!BE24 -> 115 | BF24: 2 | BG24: 97 | BH24: =BG24+'2'!BH24 -> 160 | BI24: =BH24/BE24 -> 1.3913043
A25: 15 | B25: ='2'!B25 -> كفـــــــــر إبنهس | C25: ='2'!C25 -> 2072 | D25: 3 | E25: 1 | F25: =E25+'2'!F25 -> 6 | G25: 193 | H25: =G25+'2'!H25 -> 345 | I25: 129 | J25: =I25+'2'!J25 -> 974 | K25: 0 | L25: =K25+'2'!L25 -> 0 | M25: 0 | N25: =M25+'2'!N25 -> 0 | O25: 0 | P25: =O25+'2'!P25 -> 0 | Q25: =O25+M25+K25+I25+G25+E25 -> 323 | R25: =Q25+'2'!R25 -> 1325 | S25: =R25/C25 -> 0.63947876 | T25: 5 | U25: =T25+'2'!U25 -> 173 | V25: 8 | W25: =V25+'2'!W25 -> 50 | X25: 0 | Y25: =X25+'2'!Y25 -> 0 | AB25: 15 | AC25: ='2'!AC25 -> كفـــــــــر إبنهس | AD25: ='2'!AI25 -> 64 | AE25: 0 | AF25: =AE25+'2'!AF25 -> 180 | AG25: 33 | AH25: =AG25+'2'!AH25 -> 149 | AI25: =AD25+AE25-AG25 -> 31 | AJ25: =Q25/AG25 -> 9.7878788 | AK25: =R25/AH25 -> 8.8926174 | AW25: ='2'!AW25 -> كفـــــــــر إبنهس | AX25: ='2'!AX25 -> 3 | AY25: ='2'!AY25 -> 1013 | AZ25: 3 | BA25: 8 | BB25: =BA25+'2'!BB25 -> 838 | BC25: =BB25/AY25 -> 0.8272458 | BD25: ='2'!BD25 -> 4 | BE25: ='2'!BE25 -> 620 | BF25: 4 | BG25: 400 | BH25: =BG25+'2'!BH25 -> 507 | BI25: =BH25/BE25 -> 0.81774194
A26: 16 | B26: ='2'!B26 -> الرمــــــــــــــالى | C26: ='2'!C26 -> 2699 | D26: 3 | E26: 12 | F26: =E26+'2'!F26 -> 27 | G26: 85 | H26: =G26+'2'!H26 -> 312 | I26: 263 | J26: =I26+'2'!J26 -> 993 | K26: 0 | L26: =K26+'2'!L26 -> 0 | M26: 0 | N26: =M26+'2'!N26 -> 0 | O26: 0 | P26: =O26+'2'!P26 -> 0 | Q26: =O26+M26+K26+I26+G26+E26 -> 360 | R26: =Q26+'2'!R26 -> 1332 | S26: =R26/C26 -> 0.49351612 | T26: 19 | U26: =T26+'2'!U26 -> 114 | V26: 66 | W26: =V26+'2'!W26 -> 108 | X26: 0 | Y26: =X26+'2'!Y26 -> 1 | AB26: 16 | AC26: ='2'!AC26 -> الرمــــــــــــــالى | AD26: ='2'!AI26 -> 132 | AE26: 0 | AF26: =AE26+'2'!AF26 -> 235 | AG26: 36 | AH26: =AG26+'2'!AH26 -> 139 | AI26: =AD26+AE26-AG26 -> 96 | AJ26: =Q26/AG26 -> 10 | AK26: =R26/AH26 -> 9.5827338 | AW26: ='2'!AW26 -> الرمــــــــــــــالى | AX26: ='2'!AX26 -> 3 | AY26: ='2'!AY26 -> 1486 | AZ26: 2 | BA26: 250 | BB26: =BA26+'2'!BB26 -> 1149 | BC26: =BB26/AY26 -> 0.77321669 | BD26: ='2'!BD26 -> 3 | BE26: ='2'!BE26 -> 98 | BF26: 0 | BG26: 0 | BH26: =BG26+'2'!BH26 -> 0 | BI26: =BH26/BE26 -> 0
... A31: 21 | B31: ='2'!B31 -> طــــــــــــه شبرا | C31: ='2'!C31 -> 5149 | D31: 4 | E31: 4 | F31: =E31+'2'!F31 -> 22 | G31: 242 | H31: =G31+'2'!H31 -> 967 | I31: 461 | J31: =I31+'2'!J31 -> 1288 | K31: 0 | L31: =K31+'2'!L31 -> 0 | M31: 0 | N31: =M31+'2'!N31 -> 0 | O31: 0 | P31: =O31+'2'!P31 -> 0 | Q31: =O31+M31+K31+I31+G31+E31 -> 707 | R31: =Q31+'2'!R31 -> 2277 | S31: =R31/C31 -> 0.44222179 | T31: 83 | U31: =T31+'2'!U31 -> 277 | V31: 0 | W31: =V31+'2'!W31 -> 3 | X31: 0 | Y31: =X31+'2'!Y31 -> 0 | AB31: 21 | AC31: ='2'!AC31 -> طــــــــــــه شبرا | AD31: ='2'!AI31 -> 290 | AE31: 0 | AF31: =AE31+'2'!AF31 -> 452 | AG31: 74 | AH31: =AG31+'2'!AH31 -> 236 | AI31: =AD31+AE31-AG31 -> 216 | AJ31: =Q31/AG31 -> 9.5540541 | AK31: =R31/AH31 -> 9.6483051 | AW31: ='2'!AW31 -> طــــــــــــه شبرا | AX31: ='2'!AX31 -> 6 | AY31: ='2'!AY31 -> 2219 | AZ31: 5 | BA31: 434 | BB31: =BA31+'2'!BB31 -> 1367 | BC31: =BB31/AY31 -> 0.61604326 | BD31: ='2'!BD31 -> 8 | BE31: ='2'!BE31 -> 748 | BF31: 8 | BG31: 188 | BH31: =BG31+'2'!BH31 -> 690 | BI31: =BH31/BE31 -> 0.92245989
A32: 22 | B32: ='2'!B32 -> أشـــــــــــــــــليم | C32: ='2'!C32 -> 2638 | D32: 3 | E32: 5 | F32: =E32+'2'!F32 -> 19 | G32: 330 | H32: =G32+'2'!H32 -> 606 | I32: 94 | J32: =I32+'2'!J32 -> 1522 | L32: =K32+'2'!L32 -> 0 | N32: =M32+'2'!N32 -> 0 | P32: =O32+'2'!P32 -> 0 | Q32: =O32+M32+K32+I32+G32+E32 -> 429 | R32: =Q32+'2'!R32 -> 2147 | S32: =R32/C32 -> 0.81387415 | T32: 7 | U32: =T32+'2'!U32 -> 149 | V32: 2 | W32: =V32+'2'!W32 -> 119 | X32: 0 | Y32: =X32+'2'!Y32 -> 0 | AB32: 22 | AC32: ='2'!AC32 -> أشـــــــــــــــــليم | AD32: ='2'!AI32 -> 55 | AE32: 20 | AF32: =AE32+'2'!AF32 -> 252 | AG32: 44 | AH32: =AG32+'2'!AH32 -> 221 | AI32: =AD32+AE32-AG32 -> 31 | AJ32: =Q32/AG32 -> 9.75 | AK32: =R32/AH32 -> 9.7149321 | AW32: ='2'!AW32 -> أشـــــــــــــــــليم | AX32: ='2'!AX32 -> 8 | AY32: ='2'!AY32 -> 1819 | AZ32: 8 | BA32: 37 | BB32: =BA32+'2'!BB32 -> 1506 | BC32: =BB32/AY32 -> 0.82792743 | BD32: ='2'!BD32 -> 7 | BE32: ='2'!BE32 -> 176 | BF32: 5 | BG32: 292 | BH32: =BG32+'2'!BH32 -> 531 | BI32: =BH32/BE32 -> 3.0170455
A33: 23 | B33: ='2'!B33 -> شبرا قبالــــــــــه | C33: ='2'!C33 -> 2050 | D33: 2 | E33: 20 | F33: =E33+'2'!F33 -> 23 | G33: 135 | H33: =G33+'2'!H33 -> 644 | I33: 15 | J33: =I33+'2'!J33 -> 773 | K33: 0 | L33: =K33+'2'!L33 -> 0 | M33: 0 | N33: =M33+'2'!N33 -> 0 | O33: 0 | P33: =O33+'2'!P33 -> 0 | Q33: =O33+M33+K33+I33+G33+E33 -> 170 | R33: =Q33+'2'!R33 -> 1440 | S33: =R33/C33 -> 0.70243902 | T33: 0 | U33: =T33+'2'!U33 -> 96 | V33: 0 | W33: =V33+'2'!W33 -> 64 | X33: 0 | Y33: =X33+'2'!Y33 -> 0 | AB33: 23 | AC33: ='2'!AC33 -> شبرا قبالــــــــــه | AD33: ='2'!AI33 -> 53 | AE33: 0 | AF33: =AE33+'2'!AF33 -> 180 | AG33: 17 | AH33: =AG33+'2'!AH33 -> 144 | AI33: =AD33+AE33-AG33 -> 36 | AJ33: =Q33/AG33 -> 10 | AK33: =R33/AH33 -> 10 | AW33: ='2'!AW33 -> شبرا قبالــــــــــه | AX33: ='2'!AX33 -> 1 | AY33: ='2'!AY33 -> 918 | AZ33: 1 | BA33: 0 | BB33: =BA33+'2'!BB33 -> 780 | BC33: =BB33/AY33 -> 0.8496732 | BD33: ='2'!BD33 -> 5 | BE33: ='2'!BE33 -> 375 | BF33: 0 | BG33: 0 | BH33: =BG33+'2'!BH33 -> 430 | BI33: =BH33/BE33 -> 1.1466667
A34: 24 | B34: ='2'!B34 -> عرب الرمـــــــل | C34: ='2'!C34 -> 5755 | D34: 4 | E34: 6 | F34: =E34+'2'!F34 -> 22 | G34: 497 | H34: =G34+'2'!H34 -> 1011 | I34: 307 | J34: =I34+'2'!J34 -> 1364 | K34: 0 | L34: =K34+'2'!L34 -> 0 | M34: 0 | N34: =M34+'2'!N34 -> 0 | O34: 0 | P34: =O34+'2'!P34 -> 0 | Q34: =O34+M34+K34+I34+G34+E34 -> 810 | R34: =Q34+'2'!R34 -> 2397 | S34: =R34/C34 -> 0.41650738 | T34: 74 | U34: =T34+'2'!U34 -> 562 | V34: 0 | W34: =V34+'2'!W34 -> 41 | X34: 0 | Y34: =X34+'2'!Y34 -> 0 | AB34: 24 | AC34: ='2'!AC34 -> عرب الرمـــــــل | AD34: ='2'!AI34 -> 344 | AE34: 0 | AF34: =AE34+'2'!AF34 -> 505 | AG34: 81 | AH34: =AG34+'2'!AH34 -> 242 | AI34: =AD34+AE34-AG34 -> 263 | AJ34: =Q34/AG34 -> 10 | AK34: =R34/AH34 -> 9.9049587 | AW34: ='2'!AW34 -> عرب الرمـــــــل | AX34: ='2'!AX34 -> 6 | AY34: ='2'!AY34 -> 2210 | AZ34: 6 | BA34: 310 | BB34: =BA34+'2'!BB34 -> 1456 | BC34: =BB34/AY34 -> 0.65882353 | BD34: ='2'!BD34 -> 9 | BE34: ='2'!BE34 -> 932 | BF34: 4 | BG34: 200 | BH34: =BG34+'2'!BH34 -> 941 | BI34: =BH34/BE34 -> 1.0096567
A35: 25 | B35: ='2'!B35 -> كفر ميت سراج | C35: ='2'!C35 -> 1840 | D35: 2 | E35: 4 | F35: =E35+'2'!F35 -> 8 | G35: 265 | H35: =G35+'2'!H35 -> 386 | I35: 186 | J35: =I35+'2'!J35 -> 773 | K35: 0 | L35: =K35+'2'!L35 -> 0 | M35: 0 | N35: =M35+'2'!N35 -> 0 | O35: 0 | P35: =O35+'2'!P35 -> 0 | Q35: =O35+M35+K35+I35+G35+E35 -> 455 | R35: =Q35+'2'!R35 -> 1167 | S35: =R35/C35 -> 0.63423913 | T35: 95 | U35: =T35+'2'!U35 -> 174 | V35: 5 | W35: =V35+'2'!W35 -> 11 | X35: 0 | Y35: =X35+'2'!Y35 -> 0 | AB35: 25 | AC35: ='2'!AC35 -> كفر ميت سراج | AD35: ='2'!AI35 -> 88 | AE35: 0 | AF35: =AE35+'2'!AF35 -> 162 | AG35: 47 | AH35: =AG35+'2'!AH35 -> 121 | AI35: =AD35+AE35-AG35 -> 41 | AJ35: =Q35/AG35 -> 9.6808511 | AK35: =R35/AH35 -> 9.6446281 | AW35: ='2'!AW35 -> كفر ميت سراج | AX35: ='2'!AX35 -> 3 | AY35: ='2'!AY35 -> 1011 | AZ35: 3 | BA35: 177 | BB35: =BA35+'2'!BB35 -> 773 | BC35: =BB35/AY35 -> 0.76458952 | BD35: ='2'!BD35 -> 4 | BE35: ='2'!BE35 -> 413 | BF35: 2 | BG35: 232 | BH35: =BG35+'2'!BH35 -> 232 | BI35: =BH35/BE35 -> 0.56174334
A36: 26 | B36: ='2'!B36 -> كفر أبشيش | C36: ='2'!C36 -> 1345 | D36: 2 | E36: 8 | F36: =E36+'2'!F36 -> 14 | G36: 84 | H36: =G36+'2'!H36 -> 207 | I36: 178 | J36: =I36+'2'!J36 -> 725 | K36: 0 | L36: =K36+'2'!L36 -> 0 | M36: 0 | N36: =M36+'2'!N36 -> 0 | O36: 0 | P36: =O36+'2'!P36 -> 0 | Q36: =O36+M36+K36+I36+G36+E36 -> 270 | R36: =Q36+'2'!R36 -> 946 | S36: =R36/C36 -> 0.70334572 | T36: 41 | U36: =T36+'2'!U36 -> 113 | V36: 4 | W36: =V36+'2'!W36 -> 4 | X36: 0 | Y36: =X36+'2'!Y36 -> 0 | AB36: 26 | AC36: ='2'!AC36 -> كفر أبشيش | AD36: ='2'!AI36 -> 51 | AE36: 0 | AF36: =AE36+'2'!AF36 -> 119 | AG36: 27 | AH36: =AG36+'2'!AH36 -> 95 | AI36: =AD36+AE36-AG36 -> 24 | AJ36: =Q36/AG36 -> 10 | AK36: =R36/AH36 -> 9.9578947 | AW36: ='2'!AW36 -> كفر أبشيش | AX36: ='2'!AX36 -> 1 | AY36: ='2'!AY36 -> 860 | AZ36: 1 | BA36: 200 | BB36: =BA36+'2'!BB36 -> 730 | BC36: =BB36/AY36 -> 0.84883721 | BD36: ='2'!BD36 -> 4 | BE36: ='2'!BE36 -> 194 | BF36: 0 | BG36: 0 | BH36: =BG36+'2'!BH36 -> 0 | BI36: =BH36/BE36 -> 0
A37: 27 | B37: ='2'!B37 -> كفر ميت العبسى | C37: ='2'!C37 -> 1180 | D37: 2 | E37: 6 | F37: =E37+'2'!F37 -> 12 | G37: 107 | H37: =G37+'2'!H37 -> 248 | I37: 7 | J37: =I37+'2'!J37 -> 443 | K37: 0 | L37: =K37+'2'!L37 -> 0 | M37: 0 | N37: =M37+'2'!N37 -> 0 | O37: 0 | P37: =O37+'2'!P37 -> 0 | Q37: =O37+M37+K37+I37+G37+E37 -> 120 | R37: =Q37+'2'!R37 -> 703 | S37: =R37/C37 -> 0.59576271 | T37: 5 | U37: =T37+'2'!U37 -> 53 | V37: 2 | W37: =V37+'2'!W37 -> 11 | X37: 0 | Y37: =X37+'2'!Y37 -> 0 | AB37: 27 | AC37: ='2'!AC37 -> كفر ميت العبسى | AD37: ='2'!AI37 -> 45 | AE37: 0 | AF37: =AE37+'2'!AF37 -> 104 | AG37: 12 | AH37: =AG37+'2'!AH37 -> 71 | AI37: =AD37+AE37-AG37 -> 33 | AJ37: =Q37/AG37 -> 10 | AK37: =R37/AH37 -> 9.9014085 | AW37: ='2'!AW37 -> كفر ميت العبسى | AX37: ='2'!AX37 -> 2 | AY37: ='2'!AY37 -> 494 | AZ37: 2 | BA37: 2 | BB37: =BA37+'2'!BB37 -> 418 | BC37: =BB37/AY37 -> 0.84615385 | BD37: ='2'!BD37 -> 4 | BE37: ='2'!BE37 -> 114 | BF37: 2 | BG37: 0 | BH37: =BG37+'2'!BH37 -> 73 | BI37: =BH37/BE37 -> 0.64035088
A38: 28 | B38: ='2'!B38 -> كفر وهــــــــــب | C38: ='2'!C38 -> 1855 | D38: 2 | E38: 4 | F38: =E38+'2'!F38 -> 7 | G38: 163 | H38: =G38+'2'!H38 -> 265 | I38: 42 | J38: =I38+'2'!J38 -> 618 | K38: 0 | L38: =K38+'2'!L38 -> 0 | M38: 0 | N38: =M38+'2'!N38 -> 0 | O38: 0 | P38: =O38+'2'!P38 -> 0 | Q38: =O38+M38+K38+I38+G38+E38 -> 209 | R38: =Q38+'2'!R38 -> 890 | S38: =R38/C38 -> 0.47978437 | T38: 11 | U38: =T38+'2'!U38 -> 123 | V38: 3 | W38: =V38+'2'!W38 -> 7 | X38: 0 | Y38: =X38+'2'!Y38 -> 0 | AB38: 28 | AC38: ='2'!AC38 -> كفر وهــــــــــب | AD38: ='2'!AI38 -> 93 | AE38: 0 | AF38: =AE38+'2'!AF38 -> 163 | AG38: 21 | AH38: =AG38+'2'!AH38 -> 91 | AI38: =AD38+AE38-AG38 -> 72 | AJ38: =Q38/AG38 -> 9.952381 | AK38: =R38/AH38 -> 9.7802198 | AW38: ='2'!AW38 -> كفر وهــــــــــب | AX38: ='2'!AX38 -> 2 | AY38: ='2'!AY38 -> 793 | AZ38: 2 | BA38: 0 | BB38: =BA38+'2'!BB38 -> 623 | BC38: =BB38/AY38 -> 0.78562421 | BD38: ='2'!BD38 -> 3 | BE38: ='2'!BE38 -> 180 | BF38: 4 | BG38: 160 | BH38: =BG38+'2'!BH38 -> 160 | BI38: =BH38/BE38 -> 0.88888889
A39: 29 | B39: ='2'!B39 -> دمــــــــــــــهوج | C39: ='2'!C39 -> 2738 | D39: 3 | E39: 10 | F39: =E39+'2'!F39 -> 11 | G39: 296 | H39: =G39+'2'!H39 -> 437 | I39: 3 | J39: =I39+'2'!J39 -> 832 | K39: 0 | L39: =K39+'2'!L39 -> 0 | M39: 0 | N39: =M39+'2'!N39 -> 0 | O39: 0 | P39: =O39+'2'!P39 -> 0 | Q39: =O39+M39+K39+I39+G39+E39 -> 309 | R39: =Q39+'2'!R39 -> 1280 | S39: =R39/C39 -> 0.46749452 | T39: 20 | U39: =T39+'2'!U39 -> 158 | V39: 4 | W39: =V39+'2'!W39 -> 7 | X39: 0 | Y39: =X39+'2'!Y39 -> 0 | AB39: 29 | AC39: ='2'!AC39 -> دمــــــــــــــهوج | AD39: ='2'!AI39 -> 141 | AE39: 0 | AF39: =AE39+'2'!AF39 -> 240 | AG39: 32 | AH39: =AG39+'2'!AH39 -> 131 | AI39: =AD39+AE39-AG39 -> 109 | AJ39: =Q39/AG39 -> 9.65625 | AK39: =R39/AH39 -> 9.7709924 | AW39: ='2'!AW39 -> دمــــــــــــــهوج | AX39: ='2'!AX39 -> 2 | AY39: ='2'!AY39 -> 1086 | AZ39: 2 | BA39: 0 | BB39: =BA39+'2'!BB39 -> 834 | BC39: =BB39/AY39 -> 0.7679558 | BD39: ='2'!BD39 -> 10 | BE39: ='2'!BE39 -> 455 | BF39: 9 | BG39: 309 | BH39: =BG39+'2'!BH39 -> 439 | BI39: =BH39/BE39 -> 0.96483516
A40: 30 | B40: ='2'!B40 -> كفر زين الدين | C40: ='2'!C40 -> 819 | D40: 2 | E40: 3 | F40: =E40+'2'!F40 -> 9 | G40: 58 | H40: =G40+'2'!H40 -> 266 | I40: 14 | J40: =I40+'2'!J40 -> 430 | K40: 0 | L40: =K40+'2'!L40 -> 0 | M40: 0 | N40: =M40+'2'!N40 -> 0 | O40: 0 | P40: =O40+'2'!P40 -> 0 | Q40: =O40+M40+K40+I40+G40+E40 -> 75 | R40: =Q40+'2'!R40 -> 705 | S40: =R40/C40 -> 0.86080586 | T40: 0 | U40: =T40+'2'!U40 -> 76 | V40: 10 | W40: =V40+'2'!W40 -> 26 | X40: 0 | Y40: =X40+'2'!Y40 -> 0 | AB40: 30 | AC40: ='2'!AC40 -> كفر زين الدين | AD40: ='2'!AI40 -> 7 | AE40: 10 | AF40: =AE40+'2'!AF40 -> 80 | AG40: 8 | AH40: =AG40+'2'!AH40 -> 71 | AI40: =AD40+AE40-AG40 -> 9 | AJ40: =Q40/AG40 -> 9.375 | AK40: =R40/AH40 -> 9.9295775 | AW40: ='2'!AW40 -> كفر زين الدين | AX40: ='2'!AX40 -> 1 | AY40: ='2'!AY40 -> 563 | AZ40: 1 | BA40: 10 | BB40: =BA40+'2'!BB40 -> 364 | BC40: =BB40/AY40 -> 0.64653641 | BD40: ='2'!BD40 -> 2 | BE40: ='2'!BE40 -> 87 | BF40: 0 | BG40: 0 | BH40: =BG40+'2'!BH40 -> 166 | BI40: =BH40/BE40 -> 1.908046
A41: 31 | B41: ='2'!B41 -> عزبــة أبوالنصر | C41: ='2'!C41 -> 410 | D41: 2 | E41: 1 | F41: =E41+'2'!F41 -> 10 | G41: 26 | H41: =G41+'2'!H41 -> 229 | I41: 0 | J41: =I41+'2'!J41 -> 120 | K41: 0 | L41: =K41+'2'!L41 -> 0 | M41: 0 | N41: =M41+'2'!N41 -> 0 | O41: 0 | P41: =O41+'2'!P41 -> 0 | Q41: =O41+M41+K41+I41+G41+E41 -> 27 | R41: =Q41+'2'!R41 -> 359 | S41: =R41/C41 -> 0.87560976 | T41: 0 | U41: =T41+'2'!U41 -> 0 | V41: 0 | W41: =V41+'2'!W41 -> 0 | X41: 0 | Y41: =X41+'2'!Y41 -> 0 | AB41: 31 | AC41: ='2'!AC41 -> عزبــة أبوالنصر | AD41: ='2'!AI41 -> 1 | AE41: 6 | AF41: =AE41+'2'!AF41 -> 41 | AG41: 3 | AH41: =AG41+'2'!AH41 -> 37 | AI41: =AD41+AE41-AG41 -> 4 | AJ41: =Q41/AG41 -> 9 | AK41: =R41/AH41 -> 9.7027027 | AW41: ='2'!AW41 -> عزبــة أبوالنصر | AX41: ='2'!AX41 -> 2 | AY41: ='2'!AY41 -> 70 | AZ41: 1 | BA41: 0 | BB41: =BA41+'2'!BB41 -> 65 | BC41: =BB41/AY41 -> 0.92857143 | BD41: ='2'!BD41 -> 3 | BE41: ='2'!BE41 -> 75 | BF41: 2 | BG41: 0 | BH41: =BG41+'2'!BH41 -> 36 | BI41: =BH41/BE41 -> 0.48
A42: 32 | B42: ='2'!B42 -> شمنديــــــــــــــل | C42: ='2'!C42 -> 880 | D42: 2 | E42: 1 | F42: =E42+'2'!F42 -> 7 | G42: 44 | H42: =G42+'2'!H42 -> 219 | I42: 19 | J42: =I42+'2'!J42 -> 421 | L42: =K42+'2'!L42 -> 0 | N42: =M42+'2'!N42 -> 0 | P42: =O42+'2'!P42 -> 0 | Q42: =O42+M42+K42+I42+G42+E42 -> 64 | R42: =Q42+'2'!R42 -> 647 | S42: =R42/C42 -> 0.73522727 | T42: 0 | U42: =T42+'2'!U42 -> 69 | V42: 7 | W42: =V42+'2'!W42 -> 11 | X42: 0 | Y42: =X42+'2'!Y42 -> 0 | AB42: 32 | AC42: ='2'!AC42 -> شمنديــــــــــــــل | AD42: ='2'!AI42 -> 17 | AE42: 0 | AF42: =AE42+'2'!AF42 -> 78 | AG42: 8 | AH42: =AG42+'2'!AH42 -> 69 | AI42: =AD42+AE42-AG42 -> 9 | AJ42: =Q42/AG42 -> 8 | AK42: =R42/AH42 -> 9.3768116 | AW42: ='2'!AW42 -> شمنديــــــــــــــل | AX42: ='2'!AX42 -> 2 | AY42: ='2'!AY42 -> 569 | AZ42: 1 | BA42: 0 | BB42: =BA42+'2'!BB42 -> 453 | BC42: =BB42/AY42 -> 0.79613357 | BD42: ='2'!BD42 -> 1 | BE42: ='2'!BE42 -> 39 | BF42: 2 | BG42: 0 | BH42: =BG42+'2'!BH42 -> 82 | BI42: =BH42/BE42 -> 2.1025641
A43: 33 | B43: ='2'!B43 -> كفور الرمل | C43: ='2'!C43 -> 1721 | D43: 3 | E43: 10 | F43: =E43+'2'!F43 -> 17 | G43: 92 | H43: =G43+'2'!H43 -> 505 | I43: 72 | J43: =I43+'2'!J43 -> 718 | K43: 0 | L43: =K43+'2'!L43 -> 0 | M43: 0 | N43: =M43+'2'!N43 -> 0 | O43: 0 | P43: =O43+'2'!P43 -> 0 | Q43: =O43+M43+K43+I43+G43+E43 -> 174 | R43: =Q43+'2'!R43 -> 1240 | S43: =R43/C43 -> 0.72051133 | T43: 0 | U43: =T43+'2'!U43 -> 192 | V43: 100 | W43: =V43+'2'!W43 -> 100 | X43: 0 | Y43: =X43+'2'!Y43 -> 0 | AB43: 33 | AC43: ='2'!AC43 -> كفور الرمل | AD43: ='2'!AI43 -> 34 | AE43: 0 | AF43: =AE43+'2'!AF43 -> 150 | AG43: 19 | AH43: =AG43+'2'!AH43 -> 135 | AI43: =AD43+AE43-AG43 -> 15 | AJ43: =Q43/AG43 -> 9.1578947 | AK43: =R43/AH43 -> 9.1851852 | AW43: ='2'!AW43 -> كفور الرمل | AX43: ='2'!AX43 -> 4 | AY43: ='2'!AY43 -> 1335 | AZ43: 3 | BA43: 68 | BB43: =BA43+'2'!BB43 -> 918 | BC43: =BB43/AY43 -> 0.68764045 | BD43: ='2'!BD43 -> 7 | BE43: ='2'!BE43 -> 753 | BF43: 3 | BG43: 32 | BH43: =BG43+'2'!BH43 -> 414 | BI43: =BH43/BE43 -> 0.5498008
A44: 34 | B44: ='2'!B44 -> منشأة أم خنان | C44: ='2'!C44 -> 510 | D44: 2 | E44: 4 | F44: =E44+'2'!F44 -> 12 | G44: 45 | H44: =G44+'2'!H44 -> 194 | I44: 6 | J44: =I44+'2'!J44 -> 291 | K44: 0 | L44: =K44+'2'!L44 -> 0 | M44: 0 | N44: =M44+'2'!N44 -> 0 | O44: 0 | P44: =O44+'2'!P44 -> 0 | Q44: =O44+M44+K44+I44+G44+E44 -> 55 | R44: =Q44+'2'!R44 -> 497 | S44: =R44/C44 -> 0.9745098 | T44: 4 | U44: =T44+'2'!U44 -> 11 | V44: 6 | W44: =V44+'2'!W44 -> 7 | X44: 0 | Y44: =X44+'2'!Y44 -> 0 | AB44: 34 | AC44: ='2'!AC44 -> منشأة أم خنان | AD44: ='2'!AI44 -> 10 | AE44: 0 | AF44: =AE44+'2'!AF44 -> 55 | AG44: 6 | AH44: =AG44+'2'!AH44 -> 51 | AI44: =AD44+AE44-AG44 -> 4 | AJ44: =Q44/AG44 -> 9.1666667 | AK44: =R44/AH44 -> 9.745098 | AW44: ='2'!AW44 -> منشأة أم خنان | AX44: ='2'!AX44 -> 1 | AY44: ='2'!AY44 -> 277 | AZ44: 1 | BA44: 0 | BB44: =BA44+'2'!BB44 -> 269 | BC44: =BB44/AY44 -> 0.97111913 | BD44: ='2'!BD44 -> 3 | BE44: ='2'!BE44 -> 170 | BF44: 3 | BG44: 20 | BH44: =BG44+'2'!BH44 -> 115 | BI44: =BH44/BE44 -> 0.67647059
A45: 35 | B45: ='2'!B45 -> 0 | C45: ='2'!C45 -> 0 | F45: =E45+'2'!F45 -> 0 | H45: =G45+'2'!H45 -> 0 | J45: =I45+'2'!J45 -> 0 | L45: =K45+'2'!L45 -> 0 | N45: =M45+'2'!N45 -> 0 | P45: =O45+'2'!P45 -> 0 | Q45: =O45+M45+K45+I45+G45+E45 -> 0 | R45: =Q45+'2'!R45 -> 0 | S45: =R45/C45 -> #DIV/0! | U45: =T45+'2'!U45 -> 0 | W45: =V45+'2'!W45 -> 0 | Y45: =X45+'2'!Y45 -> 0 | AB45: 35 | AC45: ='2'!AC45 -> 0 | AD45: ='2'!AI45 -> 0 | AF45: =AE45+'2'!AF45 -> 0 | AH45: =AG45+'2'!AH45 -> 0 | AI45: =AD45+AE45-AG45 -> 0 | AJ45: =Q45/AG45 -> #DIV/0! | AK45: =R45/AH45 -> #DIV/0! | AW45: ='2'!AW45 -> 0 | AX45: ='2'!AX45 -> 0 | AY45: ='2'!AY45 -> 0 | BB45: =BA45+'2'!BB45 -> 0 | BC45: =BB45/AY45 -> #DIV/0! | BD45: ='2'!BD45 -> 0 | BE45: ='2'!BE45 -> 0 | BH45: =BG45+'2'!BH45 -> 0 | BI45: =BH45/BE45 -> #DIV/0!
A46: 36 | B46: ='2'!B46 -> 0 | C46: ='2'!C46 -> 0 | F46: =E46+'2'!F46 -> 0 | H46: =G46+'2'!H46 -> 0 | J46: =I46+'2'!J46 -> 0 | L46: =K46+'2'!L46 -> 0 | N46: =M46+'2'!N46 -> 0 | P46: =O46+'2'!P46 -> 0 | Q46: =O46+M46+K46+I46+G46+E46 -> 0 | R46: =Q46+'2'!R46 -> 0 | S46: =R46/C46 -> #DIV/0! | U46: =T46+'2'!U46 -> 0 | W46: =V46+'2'!W46 -> 0 | Y46: =X46+'2'!Y46 -> 0 | AB46: 36 | AC46: ='2'!AC46 -> 0 | AD46: ='2'!AI46 -> 0 | AF46: =AE46+'2'!AF46 -> 0 | AH46: =AG46+'2'!AH46 -> 0 | AI46: =AD46+AE46-AG46 -> 0 | AJ46: =Q46/AG46 -> #DIV/0! | AK46: =R46/AH46 -> #DIV/0! | AW46: ='2'!AW46 -> 0 | AX46: ='2'!AX46 -> 0 | AY46: ='2'!AY46 -> 0 | BB46: =BA46+'2'!BB46 -> 0 | BC46: =BB46/AY46 -> #DIV/0! | BD46: ='2'!BD46 -> 0 | BE46: ='2'!BE46 -> 0 | BH46: =BG46+'2'!BH46 -> 0 | BI46: =BH46/BE46 -> #DIV/0!
A47: 37 | B47: ='2'!B47 -> 0 | C47: ='2'!C47 -> 0 | F47: =E47+'2'!F47 -> 0 | H47: =G47+'2'!H47 -> 0 | J47: =I47+'2'!J47 -> 0 | L47: =K47+'2'!L47 -> 0 | N47: =M47+'2'!N47 -> 0 | P47: =O47+'2'!P47 -> 0 | Q47: =O47+M47+K47+I47+G47+E47 -> 0 | R47: =Q47+'2'!R47 -> 0 | S47: =R47/C47 -> #DIV/0! | U47: =T47+'2'!U47 -> 0 | W47: =V47+'2'!W47 -> 0 | Y47: =X47+'2'!Y47 -> 0 | AB47: 37 | AC47: ='2'!AC47 -> 0 | AD47: ='2'!AI47 -> 0 | AF47: =AE47+'2'!AF47 -> 0 | AH47: =AG47+'2'!AH47 -> 0 | AI47: =AD47+AE47-AG47 -> 0 | AJ47: =Q47/AG47 -> #DIV/0! | AK47: =R47/AH47 -> #DIV/0! | AW47: ='2'!AW47 -> 0 | AX47: ='2'!AX47 -> 0 | AY47: ='2'!AY47 -> 0 | BB47: =BA47+'2'!BB47 -> 0 | BC47: =BB47/AY47 -> #DIV/0! | BD47: ='2'!BD47 -> 0 | BE47: ='2'!BE47 -> 0 | BH47: =BG47+'2'!BH47 -> 0 | BI47: =BH47/BE47 -> #DIV/0!
A48: 38 | B48: ='2'!B48 -> 0 | C48: ='2'!C48 -> 0 | F48: =E48+'2'!F48 -> 0 | H48: =G48+'2'!H48 -> 0 | J48: =I48+'2'!J48 -> 0 | L48: =K48+'2'!L48 -> 0 | N48: =M48+'2'!N48 -> 0 | P48: =O48+'2'!P48 -> 0 | Q48: =O48+M48+K48+I48+G48+E48 -> 0 | R48: =Q48+'2'!R48 -> 0 | S48: =R48/C48 -> #DIV/0! | U48: =T48+'2'!U48 -> 0 | W48: =V48+'2'!W48 -> 0 | Y48: =X48+'2'!Y48 -> 0 | AB48: 38 | AC48: ='2'!AC48 -> 0 | AD48: ='2'!AI48 -> 0 | AF48: =AE48+'2'!AF48 -> 0 | AH48: =AG48+'2'!AH48 -> 0 | AI48: =AD48+AE48-AG48 -> 0 | AJ48: =Q48/AG48 -> #DIV/0! | AK48: =R48/AH48 -> #DIV/0! | AW48: ='2'!AW48 -> 0 | AX48: ='2'!AX48 -> 0 | AY48: ='2'!AY48 -> 0 | BB48: =BA48+'2'!BB48 -> 0 | BC48: =BB48/AY48 -> #DIV/0! | BD48: ='2'!BD48 -> 0 | BE48: ='2'!BE48 -> 0 | BH48: =BG48+'2'!BH48 -> 0 | BI48: =BH48/BE48 -> #DIV/0!
A49: 39 | B49: ='2'!B49 -> 0 | C49: ='2'!C49 -> 0 | F49: =E49+'2'!F49 -> 0 | H49: =G49+'2'!H49 -> 0 | J49: =I49+'2'!J49 -> 0 | L49: =K49+'2'!L49 -> 0 | N49: =M49+'2'!N49 -> 0 | P49: =O49+'2'!P49 -> 0 | Q49: =O49+M49+K49+I49+G49+E49 -> 0 | R49: =Q49+'2'!R49 -> 0 | S49: =R49/C49 -> #DIV/0! | U49: =T49+'2'!U49 -> 0 | W49: =V49+'2'!W49 -> 0 | Y49: =X49+'2'!Y49 -> 0 | AB49: 39 | AC49: ='2'!AC49 -> 0 | AD49: ='2'!AI49 -> 0 | AF49: =AE49+'2'!AF49 -> 0 | AH49: =AG49+'2'!AH49 -> 0 | AI49: =AD49+AE49-AG49 -> 0 | AJ49: =Q49/AG49 -> #DIV/0! | AK49: =R49/AH49 -> #DIV/0! | AW49: ='2'!AW49 -> 0 | AX49: ='2'!AX49 -> 0 | AY49: ='2'!AY49 -> 0 | BB49: =BA49+'2'!BB49 -> 0 | BC49: =BB49/AY49 -> #DIV/0! | BD49: ='2'!BD49 -> 0 | BE49: ='2'!BE49 -> 0 | BH49: =BG49+'2'!BH49 -> 0 | BI49: =BH49/BE49 -> #DIV/0!
A50: 40 | B50: ='2'!B50 -> 0 | C50: ='2'!C50 -> 0 | F50: =E50+'2'!F50 -> 0 | H50: =G50+'2'!H50 -> 0 | J50: =I50+'2'!J50 -> 0 | L50: =K50+'2'!L50 -> 0 | N50: =M50+'2'!N50 -> 0 | P50: =O50+'2'!P50 -> 0 | Q50: =O50+M50+K50+I50+G50+E50 -> 0 | R50: =Q50+'2'!R50 -> 0 | S50: =R50/C50 -> #DIV/0! | U50: =T50+'2'!U50 -> 0 | W50: =V50+'2'!W50 -> 0 | Y50: =X50+'2'!Y50 -> 0 | AB50: 40 | AC50: ='2'!AC50 -> 0 | AD50: ='2'!AI50 -> 0 | AF50: =AE50+'2'!AF50 -> 0 | AH50: =AG50+'2'!AH50 -> 0 | AI50: =AD50+AE50-AG50 -> 0 | AJ50: =Q50/AG50 -> #DIV/0! | AK50: =R50/AH50 -> #DIV/0! | AW50: ='2'!AW50 -> 0 | AX50: ='2'!AX50 -> 0 | AY50: ='2'!AY50 -> 0 | BB50: =BA50+'2'!BB50 -> 0 | BC50: =BB50/AY50 -> #DIV/0! | BD50: ='2'!BD50 -> 0 | BE50: ='2'!BE50 -> 0 | BH50: =BG50+'2'!BH50 -> 0 | BI50: =BH50/BE50 -> #DIV/0!
A51: الاجمالي | C51: =SUM(C11:C50) -> 97446 | D51: =SUM(D11:D50) -> 107 | E51: =SUM(E11:E50) -> 206 | F51: =SUM(F11:F50) -> 533 | G51: =SUM(G11:G50) -> 6600 | H51: =SUM(H11:H50) -> 14954 | I51: =SUM(I11:I50) -> 7188 | J51: =SUM(J11:J50) -> 37926 | ... R51: =SUM(R11:R50) -> 53413 | S51: =R51/C51 -> 0.54812922 | T51: =SUM(T11:T50) -> 1786 | U51: =SUM(U11:U50) -> 7532 | V51: =SUM(V11:V50) -> 480 | W51: =SUM(W11:W50) -> 1107 | X51: =SUM(X11:X50) -> 1 | Y51: =SUM(Y11:Y50) -> 2 | AB51: اجمالي الوحدات | AD51: =SUM(AD11:AD50) -> 4509 | AE51: =SUM(AE11:AE50) -> 72 | AF51: =SUM(AF11:AF50) -> 8632 | AG51: =SUM(AG11:AG50) -> 1448 | AH51: =SUM(AH11:AH50) -> 5499 | AI51: =SUM(AI11:AI50) -> 3133 | AJ51: =Q51/AG51 -> 9.6643646 | AK51: =R51/AH51 -> 9.7132206 | AW51: الاجمالي | AX51: =SUM(AX11:AX50) -> 121 | AY51: =SUM(AY11:AY50) -> 50910 | AZ51: =SUM(AZ11:AZ50) -> 103 | BA51: =SUM(BA11:BA50) -> 7633 | BB51: =SUM(BB11:BB50) -> 39924 | BC51: =BB51/AY51 -> 0.78420742 | BD51: =SUM(BD11:BD50) -> 241 | BE51: =SUM(BE11:BE50) -> 14990 | BF51: =SUM(BF11:BF50) -> 114 | BG51: =SUM(BG11:BG50) -> 4703 | BH51: =SUM(BH11:BH50) -> 9274 | BI51: =BH51/BE51 -> 0.61867912
G54: مراقب التطعيمات مسؤل التطعيمات مدير الوقائي مدير الادارة | AB54: مراقب التطعيمات / مسئول التطعيمات / المدير الوقائى / مدير الادارة /
AX55: مراقب التطعيمات / مسئول التطعيمات / المدير الوقائى / مدير الادارة /

Sheet 4
A1: وزارة الصحة والسكان | AB1: وزارة الصحة والسكان | AW1: وزارة الصحة والسكان
A2: قطاع الطب الوقائي والصحة العامة | AB2: قطاع الطب الوقائي والصحة العامة | AW2: قطاع الطب الوقائي والصحة العامة
A3: الإدارة المركزية للصحة العامة | AB3: الإدارة المركزية للصحة العامة | AW3: الإدارة المركزية للصحة العامة
A4: الإدارة العامة لمكافحة الأمراض المعدية | AB4: الإدارة العامة لمكافحة الأمراض المعدية | AW4: الإدارة العامة لمكافحة الأمراض المعدية
A5: البرنامج الموسع للتطعيمات | AB5: البرنامج الموسع للتطعيمات | AW5: البرنامج الموسع للتطعيمات
A6: بيان باعداد المتطعمين و المتغيبين و الاثار الجانبية بالحملة القومية للتطعيم بطعم MR | AF6: البلاغ اليومى لحركة الطعوم بالحملة القومية للتطعيم بطعم MR | AY6: بيان المدارس و الحضانات بالحملة القومية للتطعيم بطعم MR
A7: مديرية الشئون الصحية / الإدارة الصحية / التاريخ / اليوم / | AJ7: مديرية الشئون الصحية / الإدارة الصحية / التاريخ/ اليوم / | BC7: مديرية الشئون الصحية / الإدارة الصحية / التاريخ/ اليوم /
A8: م | B8: اسم الوحدة/ مكتب الصحة | C8: المستهدف | D8: عدد الفرق | E8: المتطعمين المصريين | K8: المتطعمين غير المصريين | Q8: الاجمالى | S8: النسبة | T8: المتغيبين عن التطعيم | V8: المطعمين من المتغيبين | X8: الاثار الجانبية | AB8: م | AC8: اسم الوحدة | AD8: الرصيد اول اليوم | AE8: عدد الزجاجات الواردة | AG8: عدد الزجاجات المستهلكة | AI8: عدد الزجاجات المتبقية | AJ8: معدل الزجاجة اليوم | AK8: معدل الزجاجة حتي اليوم | AM8: مخزن طعوم الادارة | AN8: التشغيلة | AO8: الرصيد اول اليوم | AP8: عدد الزجاجات الواردة | AR8: عدد الزجاجات المنصرفة | AT8: عدد الزجاجات المتبقية | AW8: اسم الوحدة | AX8: بيان المدارس | BD8: بيان الحضانات
E9: من 9 شهور لأقل من عام | G9: من عام لأقل من5 سنوات | I9: من 5 سنوات الى 10 سنة | K9: من 9 شهور لأقل من عام | M9: من عام لأقل من5 سنوات | O9: من 5 سنوات الى 10 سنة | AP9: اليوم | AQ9: حتى اليوم | AR9: اليوم | AS9: حتى اليوم | AX9: عدد المدارس | AY9: المستهدف | AZ9: عدد المدارس التي تم زيارتها حتى اليوم | BA9: عدد المتطعمين اليوم | BB9: عدد المتطعمين حتى اليوم | BC9: النسبة | BD9: عدد الحضانات | BE9: المستهدف | BF9: عدد الحضانات التي تم زيارتها حتى اليوم | BG9: عدد المتطعمين اليوم | BH9: عدد المتطعمين حتى اليوم | BI9: النسبة
E10: اليوم | F10: حتى اليوم | G10: اليوم | H10: حتى اليوم | I10: اليوم | J10: حتى اليوم | K10: اليوم | L10: حتى اليوم | M10: اليوم | N10: حتى اليوم | O10: اليوم | P10: حتى اليوم | Q10: اليوم | R10: حتى اليوم | T10: اليوم | U10: حتى اليوم | V10: اليوم | W10: حتى اليوم | X10: اليوم | Y10: حتى اليوم | AE10: اليوم | AF10: حتى اليوم | AG10: اليوم | AH10: حتى اليوم | AN10: ='3'!AN10 -> 0124W120 | AO10: ='3'!AT10 -> 48 | AQ10: =AP10+'3'!AQ10 -> 73 | AS10: =AR10+'3'!AS10 -> 25 | AT10: =AO10+AP10-AR10 -> 48
A11: 1 | B11: ='3'!B11 -> مكتب الصحة | C11: ='3'!C11 -> 12251 | F11: =E11+'3'!F11 -> 39 | H11: =G11+'3'!H11 -> 1961 | J11: =I11+'3'!J11 -> 5340 | L11: =K11+'3'!L11 -> 0 | N11: =M11+'3'!N11 -> 0 | P11: =O11+'3'!P11 -> 0 | Q11: =O11+M11+K11+I11+G11+E11 -> 0 | R11: =Q11+'3'!R11 -> 7340 | S11: =R11/C11 -> 0.59913476 | U11: =T11+'3'!U11 -> 1397 | W11: =V11+'3'!W11 -> 4 | Y11: =X11+'3'!Y11 -> 1 | AB11: 1 | AC11: ='3'!AC11 -> مكتب الصحة | AD11: ='3'!AI11 -> 333 | AF11: =AE11+'3'!AF11 -> 1082 | AH11: =AG11+'3'!AH11 -> 749 | AI11: =AD11+AE11-AG11 -> 333 | AJ11: =Q11/AG11 -> #DIV/0! | AK11: =R11/AH11 -> 9.799733 | AN11: ='3'!AN11 -> 420604325A | AO11: ='3'!AT11 -> 3076 | AQ11: =AP11+'3'!AQ11 -> 8550 | AS11: =AR11+'3'!AS11 -> 5474 | AT11: =AO11+AP11-AR11 -> 3076 | AW11: ='3'!AW11 -> مكتب الصحة | AX11: ='3'!AX11 -> 11 | AY11: ='3'!AY11 -> 8411 | BB11: =BA11+'3'!BB11 -> 5998 | BC11: =BB11/AY11 -> 0.71311378 | BD11: ='3'!BD11 -> 27 | BE11: ='3'!BE11 -> 1746 | BH11: =BG11+'3'!BH11 -> 477 | BI11: =BH11/BE11 -> 0.27319588
A12: 2 | B12: ='3'!B12 -> شبرابخـــــــــــوم | C12: ='3'!C12 -> 4445 | F12: =E12+'3'!F12 -> 14 | H12: =G12+'3'!H12 -> 392 | J12: =I12+'3'!J12 -> 1857 | L12: =K12+'3'!L12 -> 0 | N12: =M12+'3'!N12 -> 0 | P12: =O12+'3'!P12 -> 0 | Q12: =O12+M12+K12+I12+G12+E12 -> 0 | R12: =Q12+'3'!R12 -> 2263 | S12: =R12/C12 -> 0.50911136 | U12: =T12+'3'!U12 -> 373 | W12: =V12+'3'!W12 -> 15 | Y12: =X12+'3'!Y12 -> 0 | AB12: 2 | AC12: ='3'!AC12 -> شبرابخـــــــــــوم | AD12: ='3'!AI12 -> 158 | AF12: =AE12+'3'!AF12 -> 390 | AH12: =AG12+'3'!AH12 -> 232 | AI12: =AD12+AE12-AG12 -> 158 | AJ12: =Q12/AG12 -> #DIV/0! | AK12: =R12/AH12 -> 9.7543103 | AN12: ='3'!AN12 -> 420604225A | AO12: ='3'!AT12 -> 100 | AQ12: =AP12+'3'!AQ12 -> 100 | AS12: =AR12+'3'!AS12 -> 0 | AT12: =AO12+AP12-AR12 -> 100 | AW12: ='3'!AW12 -> شبرابخـــــــــــوم | AX12: ='3'!AX12 -> 6 | AY12: ='3'!AY12 -> 2215 | BB12: =BA12+'3'!BB12 -> 2306 | BC12: =BB12/AY12 -> 1.0410835 | BD12: ='3'!BD12 -> 16 | BE12: ='3'!BE12 -> 729 | BH12: =BG12+'3'!BH12 -> 224 | BI12: =BH12/BE12 -> 0.30727023
A13: 3 | B13: ='3'!B13 -> ميت بره | C13: ='3'!C13 -> 11614 | F13: =E13+'3'!F13 -> 45 | H13: =G13+'3'!H13 -> 465 | J13: =I13+'3'!J13 -> 3703 | L13: =K13+'3'!L13 -> 0 | N13: =M13+'3'!N13 -> 0 | P13: =O13+'3'!P13 -> 0 | Q13: =O13+M13+K13+I13+G13+E13 -> 0 | R13: =Q13+'3'!R13 -> 4213 | S13: =R13/C13 -> 0.36275185 | U13: =T13+'3'!U13 -> 641 | W13: =V13+'3'!W13 -> 0 | Y13: =X13+'3'!Y13 -> 0 | AB13: 3 | AC13: ='3'!AC13 -> ميت بره | AD13: ='3'!AI13 -> 584 | AF13: =AE13+'3'!AF13 -> 1020 | AH13: =AG13+'3'!AH13 -> 436 | AI13: =AD13+AE13-AG13 -> 584 | AJ13: =Q13/AG13 -> #DIV/0! | AK13: =R13/AH13 -> 9.662844 | AN13: اجمالي المخزن | AO13: =SUM(AO10:AO12) -> 3224 | AP13: =SUM(AP10:AP12) -> 0 | AQ13: =SUM(AQ10:AQ12) -> 8723 | AR13: =SUM(AR10:AR12) -> 0 | AS13: =SUM(AS10:AS12) -> 5499 | AT13: =SUM(AT10:AT12) -> 3224 | AW13: ='3'!AW13 -> ميت بره | AX13: ='3'!AX13 -> 8 | AY13: ='3'!AY13 -> 4849 | BB13: =BA13+'3'!BB13 -> 4093 | BC13: =BB13/AY13 -> 0.84409157 | BD13: ='3'!BD13 -> 21 | BE13: ='3'!BE13 -> 1129 | BH13: =BG13+'3'!BH13 -> 128 | BI13: =BH13/BE13 -> 0.11337467
A14: 4 | B14: ='3'!B14 -> أبنــــــــــــــــهس | C14: ='3'!C14 -> 5029 | F14: =E14+'3'!F14 -> 14 | H14: =G14+'3'!H14 -> 349 | J14: =I14+'3'!J14 -> 2016 | L14: =K14+'3'!L14 -> 0 | N14: =M14+'3'!N14 -> 0 | P14: =O14+'3'!P14 -> 0 | Q14: =O14+M14+K14+I14+G14+E14 -> 0 | R14: =Q14+'3'!R14 -> 2379 | S14: =R14/C14 -> 0.47305627 | U14: =T14+'3'!U14 -> 341 | W14: =V14+'3'!W14 -> 29 | Y14: =X14+'3'!Y14 -> 0 | AB14: 4 | AC14: ='3'!AC14 -> أبنــــــــــــــــهس | AD14: ='3'!AI14 -> 196 | AF14: =AE14+'3'!AF14 -> 440 | AH14: =AG14+'3'!AH14 -> 244 | AI14: =AD14+AE14-AG14 -> 196 | AJ14: =Q14/AG14 -> #DIV/0! | AK14: =R14/AH14 -> 9.75 | AM14: احمالي الوحدات ومخزن الادارة | AT14: =AT13+AI51 -> 6357 | AW14: ='3'!AW14 -> أبنــــــــــــــــهس | AX14: ='3'!AX14 -> 7 | AY14: ='3'!AY14 -> 2531 | BB14: =BA14+'3'!BB14 -> 2092 | BC14: =BB14/AY14 -> 0.82655077 | BD14: ='3'!BD14 -> 23 | BE14: ='3'!BE14 -> 921 | BH14: =BG14+'3'!BH14 -> 287 | BI14: =BH14/BE14 -> 0.31161781
A15: 5 | B15: ='3'!B15 -> ميت ســـــــــراج | C15: ='3'!C15 -> 2369 | F15: =E15+'3'!F15 -> 4 | H15: =G15+'3'!H15 -> 472 | J15: =I15+'3'!J15 -> 839 | L15: =K15+'3'!L15 -> 0 | N15: =M15+'3'!N15 -> 0 | P15: =O15+'3'!P15 -> 0 | Q15: =O15+M15+K15+I15+G15+E15 -> 0 | R15: =Q15+'3'!R15 -> 1315 | S15: =R15/C15 -> 0.55508653 | U15: =T15+'3'!U15 -> 105 | W15: =V15+'3'!W15 -> 37 | Y15: =X15+'3'!Y15 -> 0 | AB15: 5 | AC15: ='3'!AC15 -> ميت ســـــــــراج | AD15: ='3'!AI15 -> 74 | AF15: =AE15+'3'!AF15 -> 209 | AH15: =AG15+'3'!AH15 -> 135 | AI15: =AD15+AE15-AG15 -> 74 | AJ15: =Q15/AG15 -> #DIV/0! | AK15: =R15/AH15 -> 9.7407407 | AW15: ='3'!AW15 -> ميت ســـــــــراج | AX15: ='3'!AX15 -> 2 | AY15: ='3'!AY15 -> 1041 | BB15: =BA15+'3'!BB15 -> 874 | BC15: =BB15/AY15 -> 0.83957733 | BD15: ='3'!BD15 -> 5 | BE15: ='3'!BE15 -> 310 | BH15: =BG15+'3'!BH15 -> 385 | BI15: =BH15/BE15 -> 1.2419355
A16: 6 | B16: ='3'!B16 -> أم خــــــــــــــنان | C16: ='3'!C16 -> 4900 | F16: =E16+'3'!F16 -> 11 | H16: =G16+'3'!H16 -> 280 | J16: =I16+'3'!J16 -> 1942 | L16: =K16+'3'!L16 -> 0 | N16: =M16+'3'!N16 -> 0 | P16: =O16+'3'!P16 -> 0 | Q16: =O16+M16+K16+I16+G16+E16 -> 0 | R16: =Q16+'3'!R16 -> 2233 | S16: =R16/C16 -> 0.45571429 | U16: =T16+'3'!U16 -> 375 | W16: =V16+'3'!W16 -> 0 | Y16: =X16+'3'!Y16 -> 0 | AB16: 6 | AC16: ='3'!AC16 -> أم خــــــــــــــنان | AD16: ='3'!AI16 -> 204 | AF16: =AE16+'3'!AF16 -> 430 | AH16: =AG16+'3'!AH16 -> 226 | AI16: =AD16+AE16-AG16 -> 204 | AJ16: =Q16/AG16 -> #DIV/0! | AK16: =R16/AH16 -> 9.880531 | AW16: ='3'!AW16 -> أم خــــــــــــــنان | AX16: ='3'!AX16 -> 8 | AY16: ='3'!AY16 -> 2981 | BB16: =BA16+'3'!BB16 -> 2132 | BC16: =BB16/AY16 -> 0.71519624 | BD16: ='3'!BD16 -> 12 | BE16: ='3'!BE16 -> 1313 | BH16: =BG16+'3'!BH16 -> 0 | BI16: =BH16/BE16 -> 0
A17: 7 | B17: ='3'!B17 -> أجهور الرمل | C17: ='3'!C17 -> 3590 | F17: =E17+'3'!F17 -> 17 | H17: =G17+'3'!H17 -> 591 | J17: =I17+'3'!J17 -> 1489 | L17: =K17+'3'!L17 -> 0 | N17: =M17+'3'!N17 -> 0 | P17: =O17+'3'!P17 -> 0 | Q17: =O17+M17+K17+I17+G17+E17 -> 0 | R17: =Q17+'3'!R17 -> 2097 | S17: =R17/C17 -> 0.58412256 | U17: =T17+'3'!U17 -> 360 | W17: =V17+'3'!W17 -> 121 | Y17: =X17+'3'!Y17 -> 0 | AB17: 7 | AC17: ='3'!AC17 -> أجهور الرمل | AD17: ='3'!AI17 -> 100 | AF17: =AE17+'3'!AF17 -> 316 | AH17: =AG17+'3'!AH17 -> 216 | AI17: =AD17+AE17-AG17 -> 100 | AJ17: =Q17/AG17 -> #DIV/0! | AK17: =R17/AH17 -> 9.7083333 | AW17: ='3'!AW17 -> أجهور الرمل | AX17: ='3'!AX17 -> 4 | AY17: ='3'!AY17 -> 1796 | BB17: =BA17+'3'!BB17 -> 1422 | BC17: =BB17/AY17 -> 0.79175947 | BD17: ='3'!BD17 -> 3 | BE17: ='3'!BE17 -> 100 | BH17: =BG17+'3'!BH17 -> 441 | BI17: =BH17/BE17 -> 4.41
A18: 8 | B18: ='3'!B18 -> منشأة دمــــــــــلو | C18: ='3'!C18 -> 1320 | F18: =E18+'3'!F18 -> 18 | H18: =G18+'3'!H18 -> 528 | J18: =I18+'3'!J18 -> 704 | L18: =K18+'3'!L18 -> 0 | N18: =M18+'3'!N18 -> 0 | P18: =O18+'3'!P18 -> 0 | Q18: =O18+M18+K18+I18+G18+E18 -> 0 | R18: =Q18+'3'!R18 -> 1250 | S18: =R18/C18 -> 0.9469697 | U18: =T18+'3'!U18 -> 175 | W18: =V18+'3'!W18 -> 38 | Y18: =X18+'3'!Y18 -> 0 | AB18: 8 | AC18: ='3'!AC18 -> منشأة دمــــــــــلو | AD18: ='3'!AI18 -> 4 | AF18: =AE18+'3'!AF18 -> 135 | AH18: =AG18+'3'!AH18 -> 131 | AI18: =AD18+AE18-AG18 -> 4 | AJ18: =Q18/AG18 -> #DIV/0! | AK18: =R18/AH18 -> 9.5419847 | AW18: ='3'!AW18 -> منشأة دمــــــــــلو | AX18: ='3'!AX18 -> 2 | AY18: ='3'!AY18 -> 896 | BB18: =BA18+'3'!BB18 -> 748 | BC18: =BB18/AY18 -> 0.83482143 | BD18: ='3'!BD18 -> 8 | BE18: ='3'!BE18 -> 340 | BH18: =BG18+'3'!BH18 -> 328 | BI18: =BH18/BE18 -> 0.96470588
A19: 9 | B19: ='3'!B19 -> شـــــــــــــرانيس | C19: ='3'!C19 -> 1414 | F19: =E19+'3'!F19 -> 11 | H19: =G19+'3'!H19 -> 359 | J19: =I19+'3'!J19 -> 618 | L19: =K19+'3'!L19 -> 0 | N19: =M19+'3'!N19 -> 0 | P19: =O19+'3'!P19 -> 0 | Q19: =O19+M19+K19+I19+G19+E19 -> 0 | R19: =Q19+'3'!R19 -> 988 | S19: =R19/C19 -> 0.69872702 | U19: =T19+'3'!U19 -> 143 | W19: =V19+'3'!W19 -> 0 | Y19: =X19+'3'!Y19 -> 0 | AB19: 9 | AC19: ='3'!AC19 -> شـــــــــــــرانيس | AD19: ='3'!AI19 -> 22 | AF19: =AE19+'3'!AF19 -> 125 | AH19: =AG19+'3'!AH19 -> 103 | AI19: =AD19+AE19-AG19 -> 22 | AJ19: =Q19/AG19 -> #DIV/0! | AK19: =R19/AH19 -> 9.592233 | AW19: ='3'!AW19 -> شـــــــــــــرانيس | AX19: ='3'!AX19 -> 2 | AY19: ='3'!AY19 -> 675 | BB19: =BA19+'3'!BB19 -> 569 | BC19: =BB19/AY19 -> 0.84296296 | BD19: ='3'!BD19 -> 2 | BE19: ='3'!BE19 -> 397 | BH19: =BG19+'3'!BH19 -> 349 | BI19: =BH19/BE19 -> 0.8790932
A20: 10 | B20: ='3'!B20 -> قويســـــــــنا البلد | C20: ='3'!C20 -> 4115 | F20: =E20+'3'!F20 -> 27 | H20: =G20+'3'!H20 -> 406 | J20: =I20+'3'!J20 -> 1286 | L20: =K20+'3'!L20 -> 0 | N20: =M20+'3'!N20 -> 0 | P20: =O20+'3'!P20 -> 0 | Q20: =O20+M20+K20+I20+G20+E20 -> 0 | R20: =Q20+'3'!R20 -> 1719 | S20: =R20/C20 -> 0.41773998 | U20: =T20+'3'!U20 -> 405 | W20: =V20+'3'!W20 -> 144 | Y20: =X20+'3'!Y20 -> 0 | AB20: 10 | AC20: ='3'!AC20 -> قويســـــــــنا البلد | AD20: ='3'!AI20 -> 185 | AF20: =AE20+'3'!AF20 -> 360 | AH20: =AG20+'3'!AH20 -> 175 | AI20: =AD20+AE20-AG20 -> 185 | AJ20: =Q20/AG20 -> #DIV/0! | AK20: =R20/AH20 -> 9.8228571 | AW20: ='3'!AW20 -> قويســـــــــنا البلد | AX20: ='3'!AX20 -> 2 | AY20: ='3'!AY20 -> 1539 | BB20: =BA20+'3'!BB20 -> 1355 | BC20: =BB20/AY20 -> 0.88044185 | BD20: ='3'!BD20 -> 7 | BE20: ='3'!BE20 -> 580 | BH20: =BG20+'3'!BH20 -> 204 | BI20: =BH20/BE20 -> 0.35172414
A21: 11 | B21: ='3'!B21 -> بجيرم | C21: ='3'!C21 -> 1782 | F21: =E21+'3'!F21 -> 8 | H21: =G21+'3'!H21 -> 406 | J21: =I21+'3'!J21 -> 755 | L21: =K21+'3'!L21 -> 0 | N21: =M21+'3'!N21 -> 0 | P21: =O21+'3'!P21 -> 0 | Q21: =O21+M21+K21+I21+G21+E21 -> 0 | R21: =Q21+'3'!R21 -> 1169 | S21: =R21/C21 -> 0.65600449 | U21: =T21+'3'!U21 -> 126 | W21: =V21+'3'!W21 -> 44 | Y21: =X21+'3'!Y21 -> 0 | AB21: 11 | AC21: ='3'!AC21 -> بجيرم | AD21: ='3'!AI21 -> 37 | AF21: =AE21+'3'!AF21 -> 157 | AH21: =AG21+'3'!AH21 -> 120 | AI21: =AD21+AE21-AG21 -> 37 | AJ21: =Q21/AG21 -> #DIV/0! | AK21: =R21/AH21 -> 9.7416667 | AW21: ='3'!AW21 -> بجيرم | AX21: ='3'!AX21 -> 4 | AY21: ='3'!AY21 -> 946 | BB21: =BA21+'3'!BB21 -> 823 | BC21: =BB21/AY21 -> 0.86997886 | BD21: ='3'!BD21 -> 4 | BE21: ='3'!BE21 -> 99 | BH21: =BG21+'3'!BH21 -> 99 | BI21: =BH21/BE21 -> 1
A22: 12 | B22: ='3'!B22 -> كفر بنى غريـــان | C22: ='3'!C22 -> 2184 | F22: =E22+'3'!F22 -> 12 | H22: =G22+'3'!H22 -> 471 | J22: =I22+'3'!J22 -> 971 | L22: =K22+'3'!L22 -> 0 | N22: =M22+'3'!N22 -> 0 | P22: =O22+'3'!P22 -> 0 | Q22: =O22+M22+K22+I22+G22+E22 -> 0 | R22: =Q22+'3'!R22 -> 1454 | S22: =R22/C22 -> 0.66575092 | U22: =T22+'3'!U22 -> 174 | W22: =V22+'3'!W22 -> 7 | Y22: =X22+'3'!Y22 -> 0 | AB22: 12 | AC22: ='3'!AC22 -> كفر بنى غريـــان | AD22: ='3'!AI22 -> 42 | AF22: =AE22+'3'!AF22 -> 192 | AH22: =AG22+'3'!AH22 -> 150 | AI22: =AD22+AE22-AG22 -> 42 | AJ22: =Q22/AG22 -> #DIV/0! | AK22: =R22/AH22 -> 9.6933333 | AW22: ='3'!AW22 -> كفر بنى غريـــان | AX22: ='3'!AX22 -> 3 | AY22: ='3'!AY22 -> 1327 | BB22: =BA22+'3'!BB22 -> 994 | BC22: =BB22/AY22 -> 0.74905803 | BD22: ='3'!BD22 -> 9 | BE22: ='3'!BE22 -> 381 | BH22: =BG22+'3'!BH22 -> 387 | BI22: =BH22/BE22 -> 1.015748
A23: 13 | B23: ='3'!B23 -> بــقســـــــــــــــــا | C23: ='3'!C23 -> 862 | F23: =E23+'3'!F23 -> 8 | H23: =G23+'3'!H23 -> 160 | J23: =I23+'3'!J23 -> 359 | L23: =K23+'3'!L23 -> 0 | N23: =M23+'3'!N23 -> 0 | P23: =O23+'3'!P23 -> 0 | Q23: =O23+M23+K23+I23+G23+E23 -> 0 | R23: =Q23+'3'!R23 -> 527 | S23: =R23/C23 -> 0.61136891 | U23: =T23+'3'!U23 -> 36 | W23: =V23+'3'!W23 -> 14 | Y23: =X23+'3'!Y23 -> 0 | AB23: 13 | AC23: ='3'!AC23 -> بــقســـــــــــــــــا | AD23: ='3'!AI23 -> 22 | AF23: =AE23+'3'!AF23 -> 75 | AH23: =AG23+'3'!AH23 -> 53 | AI23: =AD23+AE23-AG23 -> 22 | AJ23: =Q23/AG23 -> #DIV/0! | AK23: =R23/AH23 -> 9.9433962 | AW23: ='3'!AW23 -> بــقســـــــــــــــــا | AX23: ='3'!AX23 -> 1 | AY23: ='3'!AY23 -> 311 | BB23: =BA23+'3'!BB23 -> 297 | BC23: =BB23/AY23 -> 0.95498392 | BD23: ='3'!BD23 -> 1 | BE23: ='3'!BE23 -> 40 | BH23: =BG23+'3'!BH23 -> 30 | BI23: =BH23/BE23 -> 0.75
A24: 14 | B24: ='3'!B24 -> كفــــــــر الأكرم | C24: ='3'!C24 -> 918 | F24: =E24+'3'!F24 -> 3 | H24: =G24+'3'!H24 -> 233 | J24: =I24+'3'!J24 -> 392 | L24: =K24+'3'!L24 -> 0 | N24: =M24+'3'!N24 -> 0 | P24: =O24+'3'!P24 -> 0 | Q24: =O24+M24+K24+I24+G24+E24 -> 0 | R24: =Q24+'3'!R24 -> 628 | S24: =R24/C24 -> 0.68409586 | U24: =T24+'3'!U24 -> 87 | W24: =V24+'3'!W24 -> 9 | Y24: =X24+'3'!Y24 -> 0 | AB24: 14 | AC24: ='3'!AC24 -> كفــــــــر الأكرم | AD24: ='3'!AI24 -> 15 | AF24: =AE24+'3'!AF24 -> 80 | AH24: =AG24+'3'!AH24 -> 65 | AI24: =AD24+AE24-AG24 -> 15 | AJ24: =Q24/AG24 -> #DIV/0! | AK24: =R24/AH24 -> 9.6615385 | AW24: ='3'!AW24 -> كفــــــــر الأكرم | AX24: ='3'!AX24 -> 2 | AY24: ='3'!AY24 -> 540 | BB24: =BA24+'3'!BB24 -> 380 | BC24: =BB24/AY24 -> 0.7037037 | BD24: ='3'!BD24 -> 2 | BE24: ='3'!BE24 -> 115 | BH24: =BG24+'3'!BH24 -> 160 | BI24: =BH24/BE24 -> 1.3913043
A25: 15 | B25: ='3'!B25 -> كفـــــــــر إبنهس | C25: ='3'!C25 -> 2072 | F25: =E25+'3'!F25 -> 6 | H25: =G25+'3'!H25 -> 345 | J25: =I25+'3'!J25 -> 974 | L25: =K25+'3'!L25 -> 0 | N25: =M25+'3'!N25 -> 0 | P25: =O25+'3'!P25 -> 0 | Q25: =O25+M25+K25+I25+G25+E25 -> 0 | R25: =Q25+'3'!R25 -> 1325 | S25: =R25/C25 -> 0.63947876 | U25: =T25+'3'!U25 -> 173 | W25: =V25+'3'!W25 -> 50 | Y25: =X25+'3'!Y25 -> 0 | AB25: 15 | AC25: ='3'!AC25 -> كفـــــــــر إبنهس | AD25: ='3'!AI25 -> 31 | AF25: =AE25+'3'!AF25 -> 180 | AH25: =AG25+'3'!AH25 -> 149 | AI25: =AD25+AE25-AG25 -> 31 | AJ25: =Q25/AG25 -> #DIV/0! | AK25: =R25/AH25 -> 8.8926174 | AW25: ='3'!AW25 -> كفـــــــــر إبنهس | AX25: ='3'!AX25 -> 3 | AY25: ='3'!AY25 -> 1013 | BB25: =BA25+'3'!BB25 -> 838 | BC25: =BB25/AY25 -> 0.8272458 | BD25: ='3'!BD25 -> 4 | BE25: ='3'!BE25 -> 620 | BH25: =BG25+'3'!BH25 -> 507 | BI25: =BH25/BE25 -> 0.81774194
A26: 16 | B26: ='3'!B26 -> الرمــــــــــــــالى | C26: ='3'!C26 -> 2699 | F26: =E26+'3'!F26 -> 27 | H26: =G26+'3'!H26 -> 312 | J26: =I26+'3'!J26 -> 993 | L26: =K26+'3'!L26 -> 0 | N26: =M26+'3'!N26 -> 0 | P26: =O26+'3'!P26 -> 0 | Q26: =O26+M26+K26+I26+G26+E26 -> 0 | R26: =Q26+'3'!R26 -> 1332 | S26: =R26/C26 -> 0.49351612 | U26: =T26+'3'!U26 -> 114 | W26: =V26+'3'!W26 -> 108 | Y26: =X26+'3'!Y26 -> 1 | AB26: 16 | AC26: ='3'!AC26 -> الرمــــــــــــــالى | AD26: ='3'!AI26 -> 96 | AF26: =AE26+'3'!AF26 -> 235 | AH26: =AG26+'3'!AH26 -> 139 | AI26: =AD26+AE26-AG26 -> 96 | AJ26: =Q26/AG26 -> #DIV/0! | AK26: =R26/AH26 -> 9.5827338 | AW26: ='3'!AW26 -> الرمــــــــــــــالى | AX26: ='3'!AX26 -> 3 | AY26: ='3'!AY26 -> 1486 | BB26: =BA26+'3'!BB26 -> 1149 | BC26: =BB26/AY26 -> 0.77321669 | BD26: ='3'!BD26 -> 3 | BE26: ='3'!BE26 -> 98 | BH26: =BG26+'3'!BH26 -> 0 | BI26: =BH26/BE26 -> 0
... A50: 40 | B50: ='3'!B50 -> 0 | C50: ='3'!C50 -> 0 | F50: =E50+'3'!F50 -> 0 | H50: =G50+'3'!H50 -> 0 | J50: =I50+'3'!J50 -> 0 | L50: =K50+'3'!L50 -> 0 | N50: =M50+'3'!N50 -> 0 | P50: =O50+'3'!P50 -> 0 | Q50: =O50+M50+K50+I50+G50+E50 -> 0 | R50: =Q50+'3'!R50 -> 0 | S50: =R50/C50 -> #DIV/0! | U50: =T50+'3'!U50 -> 0 | W50: =V50+'3'!W50 -> 0 | Y50: =X50+'3'!Y50 -> 0 | AB50: 40 | AC50: ='3'!AC50 -> 0 | AD50: ='3'!AI50 -> 0 | AF50: =AE50+'3'!AF50 -> 0 | AH50: =AG50+'3'!AH50 -> 0 | AI50: =AD50+AE50-AG50 -> 0 | AJ50: =Q50/AG50 -> #DIV/0! | AK50: =R50/AH50 -> #DIV/0! | AW50: ='3'!AW50 -> 0 | AX50: ='3'!AX50 -> 0 | AY50: ='3'!AY50 -> 0 | BB50: =BA50+'3'!BB50 -> 0 | BC50: =BB50/AY50 -> #DIV/0! | BD50: ='3'!BD50 -> 0 | BE50: ='3'!BE50 -> 0 | BH50: =BG50+'3'!BH50 -> 0 | BI50: =BH50/BE50 -> #DIV/0!
A51: الاجمالي | C51: =SUM(C11:C50) -> 97446 | D51: =SUM(D11:D50) -> 0 | E51: =SUM(E11:E50) -> 0 | F51: =SUM(F11:F50) -> 533 | G51: =SUM(G11:G50) -> 0 | H51: =SUM(H11:H50) -> 14954 | I51: =SUM(I11:I50) -> 0 | J51: =SUM(J11:J50) -> 37926 | ... R51: =SUM(R11:R50) -> 53413 | S51: =R51/C51 -> 0.54812922 | T51: =SUM(T11:T50) -> 0 | U51: =SUM(U11:U50) -> 7532 | V51: =SUM(V11:V50) -> 0 | W51: =SUM(W11:W50) -> 1107 | X51: =SUM(X11:X50) -> 0 | Y51: =SUM(Y11:Y50) -> 2 | AB51: اجمالي الوحدات | AD51: =SUM(AD11:AD50) -> 3133 | AE51: =SUM(AE11:AE50) -> 0 | AF51: =SUM(AF11:AF50) -> 8632 | AG51: =SUM(AG11:AG50) -> 0 | AH51: =SUM(AH11:AH50) -> 5499 | AI51: =SUM(AI11:AI50) -> 3133 | AJ51: =Q51/AG51 -> #DIV/0! | AK51: =R51/AH51 -> 9.7132206 | AW51: الاجمالي | AX51: =SUM(AX11:AX50) -> 121 | AY51: =SUM(AY11:AY50) -> 50910 | AZ51: =SUM(AZ11:AZ50) -> 0 | BA51: =SUM(BA11:BA50) -> 0 | BB51: =SUM(BB11:BB50) -> 39924 | BC51: =BB51/AY51 -> 0.78420742 | BD51: =SUM(BD11:BD50) -> 241 | BE51: =SUM(BE11:BE50) -> 14990 | BF51: =SUM(BF11:BF50) -> 0 | BG51: =SUM(BG11:BG50) -> 0 | BH51: =SUM(BH11:BH50) -> 9274 | BI51: =BH51/BE51 -> 0.61867912
G54: مراقب التطعيمات مسؤل التطعيمات مدير الوقائي مدير الادارة | AB54: مراقب التطعيمات / مسئول التطعيمات / المدير الوقائى / مدير الادارة /
AX55: مراقب التطعيمات / مسئول التطعيمات / المدير الوقائى / مدير الادارة /

Sheet 5
A1: وزارة الصحة والسكان | AB1: وزارة الصحة والسكان | AW1: وزارة الصحة والسكان
A2: قطاع الطب الوقائي والصحة العامة | AB2: قطاع الطب الوقائي والصحة العامة | AW2: قطاع الطب الوقائي والصحة العامة
A3: الإدارة المركزية للصحة العامة | AB3: الإدارة المركزية للصحة العامة | AW3: الإدارة المركزية للصحة العامة
A4: الإدارة العامة لمكافحة الأمراض المعدية | AB4: الإدارة العامة لمكافحة الأمراض المعدية | AW4: الإدارة العامة لمكافحة الأمراض المعدية
A5: البرنامج الموسع للتطعيمات | AB5: البرنامج الموسع للتطعيمات | AW5: البرنامج الموسع للتطعيمات
A6: بيان باعداد المتطعمين و المتغيبين و الاثار الجانبية بالحملة القومية للتطعيم بطعم MR | AF6: البلاغ اليومى لحركة الطعوم بالحملة القومية للتطعيم بطعم MR | AY6: بيان المدارس و الحضانات بالحملة القومية للتطعيم بطعم MR
A7: مديرية الشئون الصحية / الإدارة الصحية / التاريخ / اليوم / | AJ7: مديرية الشئون الصحية / الإدارة الصحية / التاريخ/ اليوم / | BC7: مديرية الشئون الصحية / الإدارة الصحية / التاريخ/ اليوم /
A8: م | B8: اسم الوحدة/ مكتب الصحة | C8: المستهدف | D8: عدد الفرق | E8: المتطعمين المصريين | K8: المتطعمين غير المصريين | Q8: الاجمالى | S8: النسبة | T8: المتغيبين عن التطعيم | V8: المطعمين من المتغيبين | X8: الاثار الجانبية | AB8: م | AC8: اسم الوحدة | AD8: الرصيد اول اليوم | AE8: عدد الزجاجات الواردة | AG8: عدد الزجاجات المستهلكة | AI8: عدد الزجاجات المتبقية | AJ8: معدل الزجاجة اليوم | AK8: معدل الزجاجة حتي اليوم | AM8: مخزن طعوم الادارة | AN8: التشغيلة | AO8: الرصيد اول اليوم | AP8: عدد الزجاجات الواردة | AR8: عدد الزجاجات المنصرفة | AT8: عدد الزجاجات المتبقية | AW8: اسم الوحدة | AX8: بيان المدارس | BD8: بيان الحضانات
E9: من 9 شهور لأقل من عام | G9: من عام لأقل من5 سنوات | I9: من 5 سنوات الى 10 سنة | K9: من 9 شهور لأقل من عام | M9: من عام لأقل من5 سنوات | O9: من 5 سنوات الى 10 سنة | AP9: اليوم | AQ9: حتى اليوم | AR9: اليوم | AS9: حتى اليوم | AX9: عدد المدارس | AY9: المستهدف | AZ9: عدد المدارس التي تم زيارتها حتى اليوم | BA9: عدد المتطعمين اليوم | BB9: عدد المتطعمين حتى اليوم | BC9: النسبة | BD9: عدد الحضانات | BE9: المستهدف | BF9: عدد الحضانات التي تم زيارتها حتى اليوم | BG9: عدد المتطعمين اليوم | BH9: عدد المتطعمين حتى اليوم | BI9: النسبة
E10: اليوم | F10: حتى اليوم | G10: اليوم | H10: حتى اليوم | I10: اليوم | J10: حتى اليوم | K10: اليوم | L10: حتى اليوم | M10: اليوم | N10: حتى اليوم | O10: اليوم | P10: حتى اليوم | Q10: اليوم | R10: حتى اليوم | T10: اليوم | U10: حتى اليوم | V10: اليوم | W10: حتى اليوم | X10: اليوم | Y10: حتى اليوم | AE10: اليوم | AF10: حتى اليوم | AG10: اليوم | AH10: حتى اليوم | AN10: ='4'!AN10 -> 0124W120 | AO10: ='4'!AT10 -> 48 | AQ10: =AP10+'4'!AQ10 -> 73 | AS10: =AR10+'4'!AS10 -> 25 | AT10: =AO10+AP10-AR10 -> 48
A11: 1 | B11: ='4'!B11 -> مكتب الصحة | C11: ='4'!C11 -> 12251 | F11: =E11+'4'!F11 -> 39 | H11: =G11+'4'!H11 -> 1961 | J11: =I11+'4'!J11 -> 5340 | L11: =K11+'4'!L11 -> 0 | N11: =M11+'4'!N11 -> 0 | P11: =O11+'4'!P11 -> 0 | Q11: =O11+M11+K11+I11+G11+E11 -> 0 | R11: =Q11+'4'!R11 -> 7340 | S11: =R11/C11 -> 0.59913476 | U11: =T11+'4'!U11 -> 1397 | W11: =V11+'4'!W11 -> 4 | Y11: =X11+'4'!Y11 -> 1 | AB11: 1 | AC11: ='4'!AC11 -> مكتب الصحة | AD11: ='4'!AI11 -> 333 | AF11: =AE11+'4'!AF11 -> 1082 | AH11: =AG11+'4'!AH11 -> 749 | AI11: =AD11+AE11-AG11 -> 333 | AJ11: =Q11/AG11 -> #DIV/0! | AK11: =R11/AH11 -> 9.799733 | AN11: ='4'!AN11 -> 420604325A | AO11: ='4'!AT11 -> 3076 | AQ11: =AP11+'4'!AQ11 -> 8550 | AS11: =AR11+'4'!AS11 -> 5474 | AT11: =AO11+AP11-AR11 -> 3076 | AW11: ='4'!AW11 -> مكتب الصحة | AX11: ='4'!AX11 -> 11 | AY11: ='4'!AY11 -> 8411 | BB11: =BA11+'4'!BB11 -> 5998 | BC11: =BB11/AY11 -> 0.71311378 | BD11: ='4'!BD11 -> 27 | BE11: ='4'!BE11 -> 1746 | BH11: =BG11+'4'!BH11 -> 477 | BI11: =BH11/BE11 -> 0.27319588
A12: 2 | B12: ='4'!B12 -> شبرابخـــــــــــوم | C12: ='4'!C12 -> 4445 | F12: =E12+'4'!F12 -> 14 | H12: =G12+'4'!H12 -> 392 | J12: =I12+'4'!J12 -> 1857 | L12: =K12+'4'!L12 -> 0 | N12: =M12+'4'!N12 -> 0 | P12: =O12+'4'!P12 -> 0 | Q12: =O12+M12+K12+I12+G12+E12 -> 0 | R12: =Q12+'4'!R12 -> 2263 | S12: =R12/C12 -> 0.50911136 | U12: =T12+'4'!U12 -> 373 | W12: =V12+'4'!W12 -> 15 | Y12: =X12+'4'!Y12 -> 0 | AB12: 2 | AC12: ='4'!AC12 -> شبرابخـــــــــــوم | AD12: ='4'!AI12 -> 158 | AF12: =AE12+'4'!AF12 -> 390 | AH12: =AG12+'4'!AH12 -> 232 | AI12: =AD12+AE12-AG12 -> 158 | AJ12: =Q12/AG12 -> #DIV/0! | AK12: =R12/AH12 -> 9.7543103 | AN12: ='4'!AN12 -> 420604225A | AO12: ='4'!AT12 -> 100 | AQ12: =AP12+'4'!AQ12 -> 100 | AS12: =AR12+'4'!AS12 -> 0 | AT12: =AO12+AP12-AR12 -> 100 | AW12: ='4'!AW12 -> شبرابخـــــــــــوم | AX12: ='4'!AX12 -> 6 | AY12: ='4'!AY12 -> 2215 | BB12: =BA12+'4'!BB12 -> 2306 | BC12: =BB12/AY12 -> 1.0410835 | BD12: ='4'!BD12 -> 16 | BE12: ='4'!BE12 -> 729 | BH12: =BG12+'4'!BH12 -> 224 | BI12: =BH12/BE12 -> 0.30727023
A13: 3 | B13: ='4'!B13 -> ميت بره | C13: ='4'!C13 -> 11614 | F13: =E13+'4'!F13 -> 45 | H13: =G13+'4'!H13 -> 465 | J13: =I13+'4'!J13 -> 3703 | L13: =K13+'4'!L13 -> 0 | N13: =M13+'4'!N13 -> 0 | P13: =O13+'4'!P13 -> 0 | Q13: =O13+M13+K13+I13+G13+E13 -> 0 | R13: =Q13+'4'!R13 -> 4213 | S13: =R13/C13 -> 0.36275185 | U13: =T13+'4'!U13 -> 641 | W13: =V13+'4'!W13 -> 0 | Y13: =X13+'4'!Y13 -> 0 | AB13: 3 | AC13: ='4'!AC13 -> ميت بره | AD13: ='4'!AI13 -> 584 | AF13: =AE13+'4'!AF13 -> 1020 | AH13: =AG13+'4'!AH13 -> 436 | AI13: =AD13+AE13-AG13 -> 584 | AJ13: =Q13/AG13 -> #DIV/0! | AK13: =R13/AH13 -> 9.662844 | AN13: اجمالي المخزن | AO13: =SUM(AO10:AO12) -> 3224 | AP13: =SUM(AP10:AP12) -> 0 | AQ13: =SUM(AQ10:AQ12) -> 8723 | AR13: =SUM(AR10:AR12) -> 0 | AS13: =SUM(AS10:AS12) -> 5499 | AT13: =SUM(AT10:AT12) -> 3224 | AW13: ='4'!AW13 -> ميت بره | AX13: ='4'!AX13 -> 8 | AY13: ='4'!AY13 -> 4849 | BB13: =BA13+'4'!BB13 -> 4093 | BC13: =BB13/AY13 -> 0.84409157 | BD13: ='4'!BD13 -> 21 | BE13: ='4'!BE13 -> 1129 | BH13: =BG13+'4'!BH13 -> 128 | BI13: =BH13/BE13 -> 0.11337467
A14: 4 | B14: ='4'!B14 -> أبنــــــــــــــــهس | C14: ='4'!C14 -> 5029 | F14: =E14+'4'!F14 -> 14 | H14: =G14+'4'!H14 -> 349 | J14: =I14+'4'!J14 -> 2016 | L14: =K14+'4'!L14 -> 0 | N14: =M14+'4'!N14 -> 0 | P14: =O14+'4'!P14 -> 0 | Q14: =O14+M14+K14+I14+G14+E14 -> 0 | R14: =Q14+'4'!R14 -> 2379 | S14: =R14/C14 -> 0.47305627 | U14: =T14+'4'!U14 -> 341 | W14: =V14+'4'!W14 -> 29 | Y14: =X14+'4'!Y14 -> 0 | AB14: 4 | AC14: ='4'!AC14 -> أبنــــــــــــــــهس | AD14: ='4'!AI14 -> 196 | AF14: =AE14+'4'!AF14 -> 440 | AH14: =AG14+'4'!AH14 -> 244 | AI14: =AD14+AE14-AG14 -> 196 | AJ14: =Q14/AG14 -> #DIV/0! | AK14: =R14/AH14 -> 9.75 | AM14: احمالي الوحدات ومخزن الادارة | AT14: =AT13+AI51 -> 6357 | AW14: ='4'!AW14 -> أبنــــــــــــــــهس | AX14: ='4'!AX14 -> 7 | AY14: ='4'!AY14 -> 2531 | BB14: =BA14+'4'!BB14 -> 2092 | BC14: =BB14/AY14 -> 0.82655077 | BD14: ='4'!BD14 -> 23 | BE14: ='4'!BE14 -> 921 | BH14: =BG14+'4'!BH14 -> 287 | BI14: =BH14/BE14 -> 0.31161781
A15: 5 | B15: ='4'!B15 -> ميت ســـــــــراج | C15: ='4'!C15 -> 2369 | F15: =E15+'4'!F15 -> 4 | H15: =G15+'4'!H15 -> 472 | J15: =I15+'4'!J15 -> 839 | L15: =K15+'4'!L15 -> 0 | N15: =M15+'4'!N15 -> 0 | P15: =O15+'4'!P15 -> 0 | Q15: =O15+M15+K15+I15+G15+E15 -> 0 | R15: =Q15+'4'!R15 -> 1315 | S15: =R15/C15 -> 0.55508653 | U15: =T15+'4'!U15 -> 105 | W15: =V15+'4'!W15 -> 37 | Y15: =X15+'4'!Y15 -> 0 | AB15: 5 | AC15: ='4'!AC15 -> ميت ســـــــــراج | AD15: ='4'!AI15 -> 74 | AF15: =AE15+'4'!AF15 -> 209 | AH15: =AG15+'4'!AH15 -> 135 | AI15: =AD15+AE15-AG15 -> 74 | AJ15: =Q15/AG15 -> #DIV/0! | AK15: =R15/AH15 -> 9.7407407 | AW15: ='4'!AW15 -> ميت ســـــــــراج | AX15: ='4'!AX15 -> 2 | AY15: ='4'!AY15 -> 1041 | BB15: =BA15+'4'!BB15 -> 874 | BC15: =BB15/AY15 -> 0.83957733 | BD15: ='4'!BD15 -> 5 | BE15: ='4'!BE15 -> 310 | BH15: =BG15+'4'!BH15 -> 385 | BI15: =BH15/BE15 -> 1.2419355
A16: 6 | B16: ='4'!B16 -> أم خــــــــــــــنان | C16: ='4'!C16 -> 4900 | F16: =E16+'4'!F16 -> 11 | H16: =G16+'4'!H16 -> 280 | J16: =I16+'4'!J16 -> 1942 | L16: =K16+'4'!L16 -> 0 | N16: =M16+'4'!N16 -> 0 | P16: =O16+'4'!P16 -> 0 | Q16: =O16+M16+K16+I16+G16+E16 -> 0 | R16: =Q16+'4'!R16 -> 2233 | S16: =R16/C16 -> 0.45571429 | U16: =T16+'4'!U16 -> 375 | W16: =V16+'4'!W16 -> 0 | Y16: =X16+'4'!Y16 -> 0 | AB16: 6 | AC16: ='4'!AC16 -> أم خــــــــــــــنان | AD16: ='4'!AI16 -> 204 | AF16: =AE16+'4'!AF16 -> 430 | AH16: =AG16+'4'!AH16 -> 226 | AI16: =AD16+AE16-AG16 -> 204 | AJ16: =Q16/AG16 -> #DIV/0! | AK16: =R16/AH16 -> 9.880531 | AW16: ='4'!AW16 -> أم خــــــــــــــنان | AX16: ='4'!AX16 -> 8 | AY16: ='4'!AY16 -> 2981 | BB16: =BA16+'4'!BB16 -> 2132 | BC16: =BB16/AY16 -> 0.71519624 | BD16: ='4'!BD16 -> 12 | BE16: ='4'!BE16 -> 1313 | BH16: =BG16+'4'!BH16 -> 0 | BI16: =BH16/BE16 -> 0
A17: 7 | B17: ='4'!B17 -> أجهور الرمل | C17: ='4'!C17 -> 3590 | F17: =E17+'4'!F17 -> 17 | H17: =G17+'4'!H17 -> 591 | J17: =I17+'4'!J17 -> 1489 | L17: =K17+'4'!L17 -> 0 | N17: =M17+'4'!N17 -> 0 | P17: =O17+'4'!P17 -> 0 | Q17: =O17+M17+K17+I17+G17+E17 -> 0 | R17: =Q17+'4'!R17 -> 2097 | S17: =R17/C17 -> 0.58412256 | U17: =T17+'4'!U17 -> 360 | W17: =V17+'4'!W17 -> 121 | Y17: =X17+'4'!Y17 -> 0 | AB17: 7 | AC17: ='4'!AC17 -> أجهور الرمل | AD17: ='4'!AI17 -> 100 | AF17: =AE17+'4'!AF17 -> 316 | AH17: =AG17+'4'!AH17 -> 216 | AI17: =AD17+AE17-AG17 -> 100 | AJ17: =Q17/AG17 -> #DIV/0! | AK17: =R17/AH17 -> 9.7083333 | AW17: ='4'!AW17 -> أجهور الرمل | AX17: ='4'!AX17 -> 4 | AY17: ='4'!AY17 -> 1796 | BB17: =BA17+'4'!BB17 -> 1422 | BC17: =BB17/AY17 -> 0.79175947 | BD17: ='4'!BD17 -> 3 | BE17: ='4'!BE17 -> 100 | BH17: =BG17+'4'!BH17 -> 441 | BI17: =BH17/BE17 -> 4.41
A18: 8 | B18: ='4'!B18 -> منشأة دمــــــــــلو | C18: ='4'!C18 -> 1320 | F18: =E18+'4'!F18 -> 18 | H18: =G18+'4'!H18 -> 528 | J18: =I18+'4'!J18 -> 704 | L18: =K18+'4'!L18 -> 0 | N18: =M18+'4'!N18 -> 0 | P18: =O18+'4'!P18 -> 0 | Q18: =O18+M18+K18+I18+G18+E18 -> 0 | R18: =Q18+'4'!R18 -> 1250 | S18: =R18/C18 -> 0.9469697 | U18: =T18+'4'!U18 -> 175 | W18: =V18+'4'!W18 -> 38 | Y18: =X18+'4'!Y18 -> 0 | AB18: 8 | AC18: ='4'!AC18 -> منشأة دمــــــــــلو | AD18: ='4'!AI18 -> 4 | AF18: =AE18+'4'!AF18 -> 135 | AH18: =AG18+'4'!AH18 -> 131 | AI18: =AD18+AE18-AG18 -> 4 | AJ18: =Q18/AG18 -> #DIV/0! | AK18: =R18/AH18 -> 9.5419847 | AW18: ='4'!AW18 -> منشأة دمــــــــــلو | AX18: ='4'!AX18 -> 2 | AY18: ='4'!AY18 -> 896 | BB18: =BA18+'4'!BB18 -> 748 | BC18: =BB18/AY18 -> 0.83482143 | BD18: ='4'!BD18 -> 8 | BE18: ='4'!BE18 -> 340 | BH18: =BG18+'4'!BH18 -> 328 | BI18: =BH18/BE18 -> 0.96470588
A19: 9 | B19: ='4'!B19 -> شـــــــــــــرانيس | C19: ='4'!C19 -> 1414 | F19: =E19+'4'!F19 -> 11 | H19: =G19+'4'!H19 -> 359 | J19: =I19+'4'!J19 -> 618 | L19: =K19+'4'!L19 -> 0 | N19: =M19+'4'!N19 -> 0 | P19: =O19+'4'!P19 -> 0 | Q19: =O19+M19+K19+I19+G19+E19 -> 0 | R19: =Q19+'4'!R19 -> 988 | S19: =R19/C19 -> 0.69872702 | U19: =T19+'4'!U19 -> 143 | W19: =V19+'4'!W19 -> 0 | Y19: =X19+'4'!Y19 -> 0 | AB19: 9 | AC19: ='4'!AC19 -> شـــــــــــــرانيس | AD19: ='4'!AI19 -> 22 | AF19: =AE19+'4'!AF19 -> 125 | AH19: =AG19+'4'!AH19 -> 103 | AI19: =AD19+AE19-AG19 -> 22 | AJ19: =Q19/AG19 -> #DIV/0! | AK19: =R19/AH19 -> 9.592233 | AW19: ='4'!AW19 -> شـــــــــــــرانيس | AX19: ='4'!AX19 -> 2 | AY19: ='4'!AY19 -> 675 | BB19: =BA19+'4'!BB19 -> 569 | BC19: =BB19/AY19 -> 0.84296296 | BD19: ='4'!BD19 -> 2 | BE19: ='4'!BE19 -> 397 | BH19: =BG19+'4'!BH19 -> 349 | BI19: =BH19/BE19 -> 0.8790932
A20: 10 | B20: ='4'!B20 -> قويســـــــــنا البلد | C20: ='4'!C20 -> 4115 | F20: =E20+'4'!F20 -> 27 | H20: =G20+'4'!H20 -> 406 | J20: =I20+'4'!J20 -> 1286 | L20: =K20+'4'!L20 -> 0 | N20: =M20+'4'!N20 -> 0 | P20: =O20+'4'!P20 -> 0 | Q20: =O20+M20+K20+I20+G20+E20 -> 0 | R20: =Q20+'4'!R20 -> 1719 | S20: =R20/C20 -> 0.41773998 | U20: =T20+'4'!U20 -> 405 | W20: =V20+'4'!W20 -> 144 | Y20: =X20+'4'!Y20 -> 0 | AB20: 10 | AC20: ='4'!AC20 -> قويســـــــــنا البلد | AD20: ='4'!AI20 -> 185 | AF20: =AE20+'4'!AF20 -> 360 | AH20: =AG20+'4'!AH20 -> 175 | AI20: =AD20+AE20-AG20 -> 185 | AJ20: =Q20/AG20 -> #DIV/0! | AK20: =R20/AH20 -> 9.8228571 | AW20: ='4'!AW20 -> قويســـــــــنا البلد | AX20: ='4'!AX20 -> 2 | AY20: ='4'!AY20 -> 1539 | BB20: =BA20+'4'!BB20 -> 1355 | BC20: =BB20/AY20 -> 0.88044185 | BD20: ='4'!BD20 -> 7 | BE20: ='4'!BE20 -> 580 | BH20: =BG20+'4'!BH20 -> 204 | BI20: =BH20/BE20 -> 0.35172414
A21: 11 | B21: ='4'!B21 -> بجيرم | C21: ='4'!C21 -> 1782 | F21: =E21+'4'!F21 -> 8 | H21: =G21+'4'!H21 -> 406 | J21: =I21+'4'!J21 -> 755 | L21: =K21+'4'!L21 -> 0 | N21: =M21+'4'!N21 -> 0 | P21: =O21+'4'!P21 -> 0 | Q21: =O21+M21+K21+I21+G21+E21 -> 0 | R21: =Q21+'4'!R21 -> 1169 | S21: =R21/C21 -> 0.65600449 | U21: =T21+'4'!U21 -> 126 | W21: =V21+'4'!W21 -> 44 | Y21: =X21+'4'!Y21 -> 0 | AB21: 11 | AC21: ='4'!AC21 -> بجيرم | AD21: ='4'!AI21 -> 37 | AF21: =AE21+'4'!AF21 -> 157 | AH21: =AG21+'4'!AH21 -> 120 | AI21: =AD21+AE21-AG21 -> 37 | AJ21: =Q21/AG21 -> #DIV/0! | AK21: =R21/AH21 -> 9.7416667 | AW21: ='4'!AW21 -> بجيرم | AX21: ='4'!AX21 -> 4 | AY21: ='4'!AY21 -> 946 | BB21: =BA21+'4'!BB21 -> 823 | BC21: =BB21/AY21 -> 0.86997886 | BD21: ='4'!BD21 -> 4 | BE21: ='4'!BE21 -> 99 | BH21: =BG21+'4'!BH21 -> 99 | BI21: =BH21/BE21 -> 1
A22: 12 | B22: ='4'!B22 -> كفر بنى غريـــان | C22: ='4'!C22 -> 2184 | F22: =E22+'4'!F22 -> 12 | H22: =G22+'4'!H22 -> 471 | J22: =I22+'4'!J22 -> 971 | L22: =K22+'4'!L22 -> 0 | N22: =M22+'4'!N22 -> 0 | P22: =O22+'4'!P22 -> 0 | Q22: =O22+M22+K22+I22+G22+E22 -> 0 | R22: =Q22+'4'!R22 -> 1454 | S22: =R22/C22 -> 0.66575092 | U22: =T22+'4'!U22 -> 174 | W22: =V22+'4'!W22 -> 7 | Y22: =X22+'4'!Y22 -> 0 | AB22: 12 | AC22: ='4'!AC22 -> كفر بنى غريـــان | AD22: ='4'!AI22 -> 42 | AF22: =AE22+'4'!AF22 -> 192 | AH22: =AG22+'4'!AH22 -> 150 | AI22: =AD22+AE22-AG22 -> 42 | AJ22: =Q22/AG22 -> #DIV/0! | AK22: =R22/AH22 -> 9.6933333 | AW22: ='4'!AW22 -> كفر بنى غريـــان | AX22: ='4'!AX22 -> 3 | AY22: ='4'!AY22 -> 1327 | BB22: =BA22+'4'!BB22 -> 994 | BC22: =BB22/AY22 -> 0.74905803 | BD22: ='4'!BD22 -> 9 | BE22: ='4'!BE22 -> 381 | BH22: =BG22+'4'!BH22 -> 387 | BI22: =BH22/BE22 -> 1.015748
A23: 13 | B23: ='4'!B23 -> بــقســـــــــــــــــا | C23: ='4'!C23 -> 862 | F23: =E23+'4'!F23 -> 8 | H23: =G23+'4'!H23 -> 160 | J23: =I23+'4'!J23 -> 359 | L23: =K23+'4'!L23 -> 0 | N23: =M23+'4'!N23 -> 0 | P23: =O23+'4'!P23 -> 0 | Q23: =O23+M23+K23+I23+G23+E23 -> 0 | R23: =Q23+'4'!R23 -> 527 | S23: =R23/C23 -> 0.61136891 | U23: =T23+'4'!U23 -> 36 | W23: =V23+'4'!W23 -> 14 | Y23: =X23+'4'!Y23 -> 0 | AB23: 13 | AC23: ='4'!AC23 -> بــقســـــــــــــــــا | AD23: ='4'!AI23 -> 22 | AF23: =AE23+'4'!AF23 -> 75 | AH23: =AG23+'4'!AH23 -> 53 | AI23: =AD23+AE23-AG23 -> 22 | AJ23: =Q23/AG23 -> #DIV/0! | AK23: =R23/AH23 -> 9.9433962 | AW23: ='4'!AW23 -> بــقســـــــــــــــــا | AX23: ='4'!AX23 -> 1 | AY23: ='4'!AY23 -> 311 | BB23: =BA23+'4'!BB23 -> 297 | BC23: =BB23/AY23 -> 0.95498392 | BD23: ='4'!BD23 -> 1 | BE23: ='4'!BE23 -> 40 | BH23: =BG23+'4'!BH23 -> 30 | BI23: =BH23/BE23 -> 0.75
A24: 14 | B24: ='4'!B24 -> كفــــــــر الأكرم | C24: ='4'!C24 -> 918 | F24: =E24+'4'!F24 -> 3 | H24: =G24+'4'!H24 -> 233 | J24: =I24+'4'!J24 -> 392 | L24: =K24+'4'!L24 -> 0 | N24: =M24+'4'!N24 -> 0 | P24: =O24+'4'!P24 -> 0 | Q24: =O24+M24+K24+I24+G24+E24 -> 0 | R24: =Q24+'4'!R24 -> 628 | S24: =R24/C24 -> 0.68409586 | U24: =T24+'4'!U24 -> 87 | W24: =V24+'4'!W24 -> 9 | Y24: =X24+'4'!Y24 -> 0 | AB24: 14 | AC24: ='4'!AC24 -> كفــــــــر الأكرم | AD24: ='4'!AI24 -> 15 | AF24: =AE24+'4'!AF24 -> 80 | AH24: =AG24+'4'!AH24 -> 65 | AI24: =AD24+AE24-AG24 -> 15 | AJ24: =Q24/AG24 -> #DIV/0! | AK24: =R24/AH24 -> 9.6615385 | AW24: ='4'!AW24 -> كفــــــــر الأكرم | AX24: ='4'!AX24 -> 2 | AY24: ='4'!AY24 -> 540 | BB24: =BA24+'4'!BB24 -> 380 | BC24: =BB24/AY24 -> 0.7037037 | BD24: ='4'!BD24 -> 2 | BE24: ='4'!BE24 -> 115 | BH24: =BG24+'4'!BH24 -> 160 | BI24: =BH24/BE24 -> 1.3913043
A25: 15 | B25: ='4'!B25 -> كفـــــــــر إبنهس | C25: ='4'!C25 -> 2072 | F25: =E25+'4'!F25 -> 6 | H25: =G25+'4'!H25 -> 345 | J25: =I25+'4'!J25 -> 974 | L25: =K25+'4'!L25 -> 0 | N25: =M25+'4'!N25 -> 0 | P25: =O25+'4'!P25 -> 0 | Q25: =O25+M25+K25+I25+G25+E25 -> 0 | R25: =Q25+'4'!R25 -> 1325 | S25: =R25/C25 -> 0.63947876 | U25: =T25+'4'!U25 -> 173 | W25: =V25+'4'!W25 -> 50 | Y25: =X25+'4'!Y25 -> 0 | AB25: 15 | AC25: ='4'!AC25 -> كفـــــــــر إبنهس | AD25: ='4'!AI25 -> 31 | AF25: =AE25+'4'!AF25 -> 180 | AH25: =AG25+'4'!AH25 -> 149 | AI25: =AD25+AE25-AG25 -> 31 | AJ25: =Q25/AG25 -> #DIV/0! | AK25: =R25/AH25 -> 8.8926174 | AW25: ='4'!AW25 -> كفـــــــــر إبنهس | AX25: ='4'!AX25 -> 3 | AY25: ='4'!AY25 -> 1013 | BB25: =BA25+'4'!BB25 -> 838 | BC25: =BB25/AY25 -> 0.8272458 | BD25: ='4'!BD25 -> 4 | BE25: ='4'!BE25 -> 620 | BH25: =BG25+'4'!BH25 -> 507 | BI25: =BH25/BE25 -> 0.81774194
A26: 16 | B26: ='4'!B26 -> الرمــــــــــــــالى | C26: ='4'!C26 -> 2699 | F26: =E26+'4'!F26 -> 27 | H26: =G26+'4'!H26 -> 312 | J26: =I26+'4'!J26 -> 993 | L26: =K26+'4'!L26 -> 0 | N26: =M26+'4'!N26 -> 0 | P26: =O26+'4'!P26 -> 0 | Q26: =O26+M26+K26+I26+G26+E26 -> 0 | R26: =Q26+'4'!R26 -> 1332 | S26: =R26/C26 -> 0.49351612 | U26: =T26+'4'!U26 -> 114 | W26: =V26+'4'!W26 -> 108 | Y26: =X26+'4'!Y26 -> 1 | AB26: 16 | AC26: ='4'!AC26 -> الرمــــــــــــــالى | AD26: ='4'!AI26 -> 96 | AF26: =AE26+'4'!AF26 -> 235 | AH26: =AG26+'4'!AH26 -> 139 | AI26: =AD26+AE26-AG26 -> 96 | AJ26: =Q26/AG26 -> #DIV/0! | AK26: =R26/AH26 -> 9.5827338 | AW26: ='4'!AW26 -> الرمــــــــــــــالى | AX26: ='4'!AX26 -> 3 | AY26: ='4'!AY26 -> 1486 | BB26: =BA26+'4'!BB26 -> 1149 | BC26: =BB26/AY26 -> 0.77321669 | BD26: ='4'!BD26 -> 3 | BE26: ='4'!BE26 -> 98 | BH26: =BG26+'4'!BH26 -> 0 | BI26: =BH26/BE26 -> 0
... A50: 40 | B50: ='4'!B50 -> 0 | C50: ='4'!C50 -> 0 | F50: =E50+'4'!F50 -> 0 | H50: =G50+'4'!H50 -> 0 | J50: =I50+'4'!J50 -> 0 | L50: =K50+'4'!L50 -> 0 | N50: =M50+'4'!N50 -> 0 | P50: =O50+'4'!P50 -> 0 | Q50: =O50+M50+K50+I50+G50+E50 -> 0 | R50: =Q50+'4'!R50 -> 0 | S50: =R50/C50 -> #DIV/0! | U50: =T50+'4'!U50 -> 0 | W50: =V50+'4'!W50 -> 0 | Y50: =X50+'4'!Y50 -> 0 | AB50: 40 | AC50: ='4'!AC50 -> 0 | AD50: ='4'!AI50 -> 0 | AF50: =AE50+'4'!AF50 -> 0 | AH50: =AG50+'4'!AH50 -> 0 | AI50: =AD50+AE50-AG50 -> 0 | AJ50: =Q50/AG50 -> #DIV/0! | AK50: =R50/AH50 -> #DIV/0! | AW50: ='4'!AW50 -> 0 | AX50: ='4'!AX50 -> 0 | AY50: ='4'!AY50 -> 0 | BB50: =BA50+'4'!BB50 -> 0 | BC50: =BB50/AY50 -> #DIV/0! | BD50: ='4'!BD50 -> 0 | BE50: ='4'!BE50 -> 0 | BH50: =BG50+'4'!BH50 -> 0 | BI50: =BH50/BE50 -> #DIV/0!
A51: الاجمالي | C51: =SUM(C11:C50) -> 97446 | D51: =SUM(D11:D50) -> 0 | E51: =SUM(E11:E50) -> 0 | F51: =SUM(F11:F50) -> 533 | G51: =SUM(G11:G50) -> 0 | H51: =SUM(H11:H50) -> 14954 | I51: =SUM(I11:I50) -> 0 | J51: =SUM(J11:J50) -> 37926 | ... R51: =SUM(R11:R50) -> 53413 | S51: =R51/C51 -> 0.54812922 | T51: =SUM(T11:T50) -> 0 | U51: =SUM(U11:U50) -> 7532 | V51: =SUM(V11:V50) -> 0 | W51: =SUM(W11:W50) -> 1107 | X51: =SUM(X11:X50) -> 0 | Y51: =SUM(Y11:Y50) -> 2 | AB51: اجمالي الوحدات | AD51: =SUM(AD11:AD50) -> 3133 | AE51: =SUM(AE11:AE50) -> 0 | AF51: =SUM(AF11:AF50) -> 8632 | AG51: =SUM(AG11:AG50) -> 0 | AH51: =SUM(AH11:AH50) -> 5499 | AI51: =SUM(AI11:AI50) -> 3133 | AJ51: =Q51/AG51 -> #DIV/0! | AK51: =R51/AH51 -> 9.7132206 | AW51: الاجمالي | AX51: =SUM(AX11:AX50) -> 121 | AY51: =SUM(AY11:AY50) -> 50910 | AZ51: =SUM(AZ11:AZ50) -> 0 | BA51: =SUM(BA11:BA50) -> 0 | BB51: =SUM(BB11:BB50) -> 39924 | BC51: =BB51/AY51 -> 0.78420742 | BD51: =SUM(BD11:BD50) -> 241 | BE51: =SUM(BE11:BE50) -> 14990 | BF51: =SUM(BF11:BF50) -> 0 | BG51: =SUM(BG11:BG50) -> 0 | BH51: =SUM(BH11:BH50) -> 9274 | BI51: =BH51/BE51 -> 0.61867912
G54: مراقب التطعيمات مسؤل التطعيمات مدير الوقائي مدير الادارة | AB54: مراقب التطعيمات / مسئول التطعيمات / المدير الوقائى / مدير الادارة /
AX55: مراقب التطعيمات / مسئول التطعيمات / المدير الوقائى / مدير الادارة /

Sheet 6
A1: وزارة الصحة والسكان | AB1: وزارة الصحة والسكان | AW1: وزارة الصحة والسكان
A2: قطاع الطب الوقائي والصحة العامة | AB2: قطاع الطب الوقائي والصحة العامة | AW2: قطاع الطب الوقائي والصحة العامة
A3: الإدارة المركزية للصحة العامة | AB3: الإدارة المركزية للصحة العامة | AW3: الإدارة المركزية للصحة العامة
A4: الإدارة العامة لمكافحة الأمراض المعدية | AB4: الإدارة العامة لمكافحة الأمراض المعدية | AW4: الإدارة العامة لمكافحة الأمراض المعدية
A5: البرنامج الموسع للتطعيمات | AB5: البرنامج الموسع للتطعيمات | AW5: البرنامج الموسع للتطعيمات
A6: بيان باعداد المتطعمين و المتغيبين و الاثار الجانبية بالحملة القومية للتطعيم بطعم MR | AF6: البلاغ اليومى لحركة الطعوم بالحملة القومية للتطعيم بطعم MR | AY6: بيان المدارس و الحضانات بالحملة القومية للتطعيم بطعم MR
A7: مديرية الشئون الصحية / الإدارة الصحية / التاريخ / اليوم / | AJ7: مديرية الشئون الصحية / الإدارة الصحية / التاريخ/ اليوم / | BC7: مديرية الشئون الصحية / الإدارة الصحية / التاريخ/ اليوم /
A8: م | B8: اسم الوحدة/ مكتب الصحة | C8: المستهدف | D8: عدد الفرق | E8: المتطعمين المصريين | K8: المتطعمين غير المصريين | Q8: الاجمالى | S8: النسبة | T8: المتغيبين عن التطعيم | V8: المطعمين من المتغيبين | X8: الاثار الجانبية | AB8: م | AC8: اسم الوحدة | AD8: الرصيد اول اليوم | AE8: عدد الزجاجات الواردة | AG8: عدد الزجاجات المستهلكة | AI8: عدد الزجاجات المتبقية | AJ8: معدل الزجاجة اليوم | AK8: معدل الزجاجة حتي اليوم | AM8: مخزن طعوم الادارة | AN8: التشغيلة | AO8: الرصيد اول اليوم | AP8: عدد الزجاجات الواردة | AR8: عدد الزجاجات المنصرفة | AT8: عدد الزجاجات المتبقية | AW8: اسم الوحدة | AX8: بيان المدارس | BD8: بيان الحضانات
E9: من 9 شهور لأقل من عام | G9: من عام لأقل من5 سنوات | I9: من 5 سنوات الى 10 سنة | K9: من 9 شهور لأقل من عام | M9: من عام لأقل من5 سنوات | O9: من 5 سنوات الى 10 سنة | AP9: اليوم | AQ9: حتى اليوم | AR9: اليوم | AS9: حتى اليوم | AX9: عدد المدارس | AY9: المستهدف | AZ9: عدد المدارس التي تم زيارتها حتى اليوم | BA9: عدد المتطعمين اليوم | BB9: عدد المتطعمين حتى اليوم | BC9: النسبة | BD9: عدد الحضانات | BE9: المستهدف | BF9: عدد الحضانات التي تم زيارتها حتى اليوم | BG9: عدد المتطعمين اليوم | BH9: عدد المتطعمين حتى اليوم | BI9: النسبة
E10: اليوم | F10: حتى اليوم | G10: اليوم | H10: حتى اليوم | I10: اليوم | J10: حتى اليوم | K10: اليوم | L10: حتى اليوم | M10: اليوم | N10: حتى اليوم | O10: اليوم | P10: حتى اليوم | Q10: اليوم | R10: حتى اليوم | T10: اليوم | U10: حتى اليوم | V10: اليوم | W10: حتى اليوم | X10: اليوم | Y10: حتى اليوم | AE10: اليوم | AF10: حتى اليوم | AG10: اليوم | AH10: حتى اليوم | AN10: ='5'!AN10 -> 0124W120 | AO10: ='5'!AT10 -> 48 | AQ10: =AP10+'5'!AQ10 -> 73 | AS10: =AR10+'5'!AS10 -> 25 | AT10: =AO10+AP10-AR10 -> 48
A11: 1 | B11: ='5'!B11 -> مكتب الصحة | C11: ='5'!C11 -> 12251 | F11: =E11+'5'!F11 -> 39 | H11: =G11+'5'!H11 -> 1961 | J11: =I11+'5'!J11 -> 5340 | L11: =K11+'5'!L11 -> 0 | N11: =M11+'5'!N11 -> 0 | P11: =O11+'5'!P11 -> 0 | Q11: =O11+M11+K11+I11+G11+E11 -> 0 | R11: =Q11+'5'!R11 -> 7340 | S11: =R11/C11 -> 0.59913476 | U11: =T11+'5'!U11 -> 1397 | W11: =V11+'5'!W11 -> 4 | Y11: =X11+'5'!Y11 -> 1 | AB11: 1 | AC11: ='5'!AC11 -> مكتب الصحة | AD11: ='5'!AI11 -> 333 | AF11: =AE11+'5'!AF11 -> 1082 | AH11: =AG11+'5'!AH11 -> 749 | AI11: =AD11+AE11-AG11 -> 333 | AJ11: =Q11/AG11 -> #DIV/0! | AK11: =R11/AH11 -> 9.799733 | AN11: ='5'!AN11 -> 420604325A | AO11: ='5'!AT11 -> 3076 | AQ11: =AP11+'5'!AQ11 -> 8550 | AS11: =AR11+'5'!AS11 -> 5474 | AT11: =AO11+AP11-AR11 -> 3076 | AW11: ='5'!AW11 -> مكتب الصحة | AX11: ='5'!AX11 -> 11 | AY11: ='5'!AY11 -> 8411 | BB11: =BA11+'5'!BB11 -> 5998 | BC11: =BB11/AY11 -> 0.71311378 | BD11: ='5'!BD11 -> 27 | BE11: ='5'!BE11 -> 1746 | BH11: =BG11+'5'!BH11 -> 477 | BI11: =BH11/BE11 -> 0.27319588
A12: 2 | B12: ='5'!B12 -> شبرابخـــــــــــوم | C12: ='5'!C12 -> 4445 | F12: =E12+'5'!F12 -> 14 | H12: =G12+'5'!H12 -> 392 | J12: =I12+'5'!J12 -> 1857 | L12: =K12+'5'!L12 -> 0 | N12: =M12+'5'!N12 -> 0 | P12: =O12+'5'!P12 -> 0 | Q12: =O12+M12+K12+I12+G12+E12 -> 0 | R12: =Q12+'5'!R12 -> 2263 | S12: =R12/C12 -> 0.50911136 | U12: =T12+'5'!U12 -> 373 | W12: =V12+'5'!W12 -> 15 | Y12: =X12+'5'!Y12 -> 0 | AB12: 2 | AC12: ='5'!AC12 -> شبرابخـــــــــــوم | AD12: ='5'!AI12 -> 158 | AF12: =AE12+'5'!AF12 -> 390 | AH12: =AG12+'5'!AH12 -> 232 | AI12: =AD12+AE12-AG12 -> 158 | AJ12: =Q12/AG12 -> #DIV/0! | AK12: =R12/AH12 -> 9.7543103 | AN12: ='5'!AN12 -> 420604225A | AO12: ='5'!AT12 -> 100 | AQ12: =AP12+'5'!AQ12 -> 100 | AS12: =AR12+'5'!AS12 -> 0 | AT12: =AO12+AP12-AR12 -> 100 | AW12: ='5'!AW12 -> شبرابخـــــــــــوم | AX12: ='5'!AX12 -> 6 | AY12: ='5'!AY12 -> 2215 | BB12: =BA12+'5'!BB12 -> 2306 | BC12: =BB12/AY12 -> 1.0410835 | BD12: ='5'!BD12 -> 16 | BE12: ='5'!BE12 -> 729 | BH12: =BG12+'5'!BH12 -> 224 | BI12: =BH12/BE12 -> 0.30727023
A13: 3 | B13: ='5'!B13 -> ميت بره | C13: ='5'!C13 -> 11614 | F13: =E13+'5'!F13 -> 45 | H13: =G13+'5'!H13 -> 465 | J13: =I13+'5'!J13 -> 3703 | L13: =K13+'5'!L13 -> 0 | N13: =M13+'5'!N13 -> 0 | P13: =O13+'5'!P13 -> 0 | Q13: =O13+M13+K13+I13+G13+E13 -> 0 | R13: =Q13+'5'!R13 -> 4213 | S13: =R13/C13 -> 0.36275185 | U13: =T13+'5'!U13 -> 641 | W13: =V13+'5'!W13 -> 0 | Y13: =X13+'5'!Y13 -> 0 | AB13: 3 | AC13: ='5'!AC13 -> ميت بره | AD13: ='5'!AI13 -> 584 | AF13: =AE13+'5'!AF13 -> 1020 | AH13: =AG13+'5'!AH13 -> 436 | AI13: =AD13+AE13-AG13 -> 584 | AJ13: =Q13/AG13 -> #DIV/0! | AK13: =R13/AH13 -> 9.662844 | AN13: اجمالي المخزن | AO13: =SUM(AO10:AO12) -> 3224 | AP13: =SUM(AP10:AP12) -> 0 | AQ13: =SUM(AQ10:AQ12) -> 8723 | AR13: =SUM(AR10:AR12) -> 0 | AS13: =SUM(AS10:AS12) -> 5499 | AT13: =SUM(AT10:AT12) -> 3224 | AW13: ='5'!AW13 -> ميت بره | AX13: ='5'!AX13 -> 8 | AY13: ='5'!AY13 -> 4849 | BB13: =BA13+'5'!BB13 -> 4093 | BC13: =BB13/AY13 -> 0.84409157 | BD13: ='5'!BD13 -> 21 | BE13: ='5'!BE13 -> 1129 | BH13: =BG13+'5'!BH13 -> 128 | BI13: =BH13/BE13 -> 0.11337467
A14: 4 | B14: ='5'!B14 -> أبنــــــــــــــــهس | C14: ='5'!C14 -> 5029 | F14: =E14+'5'!F14 -> 14 | H14: =G14+'5'!H14 -> 349 | J14: =I14+'5'!J14 -> 2016 | L14: =K14+'5'!L14 -> 0 | N14: =M14+'5'!N14 -> 0 | P14: =O14+'5'!P14 -> 0 | Q14: =O14+M14+K14+I14+G14+E14 -> 0 | R14: =Q14+'5'!R14 -> 2379 | S14: =R14/C14 -> 0.47305627 | U14: =T14+'5'!U14 -> 341 | W14: =V14+'5'!W14 -> 29 | Y14: =X14+'5'!Y14 -> 0 | AB14: 4 | AC14: ='5'!AC14 -> أبنــــــــــــــــهس | AD14: ='5'!AI14 -> 196 | AF14: =AE14+'5'!AF14 -> 440 | AH14: =AG14+'5'!AH14 -> 244 | AI14: =AD14+AE14-AG14 -> 196 | AJ14: =Q14/AG14 -> #DIV/0! | AK14: =R14/AH14 -> 9.75 | AM14: احمالي الوحدات ومخزن الادارة | AT14: =AT13+AI51 -> 6357 | AW14: ='5'!AW14 -> أبنــــــــــــــــهس | AX14: ='5'!AX14 -> 7 | AY14: ='5'!AY14 -> 2531 | BB14: =BA14+'5'!BB14 -> 2092 | BC14: =BB14/AY14 -> 0.82655077 | BD14: ='5'!BD14 -> 23 | BE14: ='5'!BE14 -> 921 | BH14: =BG14+'5'!BH14 -> 287 | BI14: =BH14/BE14 -> 0.31161781
A15: 5 | B15: ='5'!B15 -> ميت ســـــــــراج | C15: ='5'!C15 -> 2369 | F15: =E15+'5'!F15 -> 4 | H15: =G15+'5'!H15 -> 472 | J15: =I15+'5'!J15 -> 839 | L15: =K15+'5'!L15 -> 0 | N15: =M15+'5'!N15 -> 0 | P15: =O15+'5'!P15 -> 0 | Q15: =O15+M15+K15+I15+G15+E15 -> 0 | R15: =Q15+'5'!R15 -> 1315 | S15: =R15/C15 -> 0.55508653 | U15: =T15+'5'!U15 -> 105 | W15: =V15+'5'!W15 -> 37 | Y15: =X15+'5'!Y15 -> 0 | AB15: 5 | AC15: ='5'!AC15 -> ميت ســـــــــراج | AD15: ='5'!AI15 -> 74 | AF15: =AE15+'5'!AF15 -> 209 | AH15: =AG15+'5'!AH15 -> 135 | AI15: =AD15+AE15-AG15 -> 74 | AJ15: =Q15/AG15 -> #DIV/0! | AK15: =R15/AH15 -> 9.7407407 | AW15: ='5'!AW15 -> ميت ســـــــــراج | AX15: ='5'!AX15 -> 2 | AY15: ='5'!AY15 -> 1041 | BB15: =BA15+'5'!BB15 -> 874 | BC15: =BB15/AY15 -> 0.83957733 | BD15: ='5'!BD15 -> 5 | BE15: ='5'!BE15 -> 310 | BH15: =BG15+'5'!BH15 -> 385 | BI15: =BH15/BE15 -> 1.2419355
A16: 6 | B16: ='5'!B16 -> أم خــــــــــــــنان | C16: ='5'!C16 -> 4900 | F16: =E16+'5'!F16 -> 11 | H16: =G16+'5'!H16 -> 280 | J16: =I16+'5'!J16 -> 1942 | L16: =K16+'5'!L16 -> 0 | N16: =M16+'5'!N16 -> 0 | P16: =O16+'5'!P16 -> 0 | Q16: =O16+M16+K16+I16+G16+E16 -> 0 | R16: =Q16+'5'!R16 -> 2233 | S16: =R16/C16 -> 0.45571429 | U16: =T16+'5'!U16 -> 375 | W16: =V16+'5'!W16 -> 0 | Y16: =X16+'5'!Y16 -> 0 | AB16: 6 | AC16: ='5'!AC16 -> أم خــــــــــــــنان | AD16: ='5'!AI16 -> 204 | AF16: =AE16+'5'!AF16 -> 430 | AH16: =AG16+'5'!AH16 -> 226 | AI16: =AD16+AE16-AG16 -> 204 | AJ16: =Q16/AG16 -> #DIV/0! | AK16: =R16/AH16 -> 9.880531 | AW16: ='5'!AW16 -> أم خــــــــــــــنان | AX16: ='5'!AX16 -> 8 | AY16: ='5'!AY16 -> 2981 | BB16: =BA16+'5'!BB16 -> 2132 | BC16: =BB16/AY16 -> 0.71519624 | BD16: ='5'!BD16 -> 12 | BE16: ='5'!BE16 -> 1313 | BH16: =BG16+'5'!BH16 -> 0 | BI16: =BH16/BE16 -> 0
A17: 7 | B17: ='5'!B17 -> أجهور الرمل | C17: ='5'!C17 -> 3590 | F17: =E17+'5'!F17 -> 17 | H17: =G17+'5'!H17 -> 591 | J17: =I17+'5'!J17 -> 1489 | L17: =K17+'5'!L17 -> 0 | N17: =M17+'5'!N17 -> 0 | P17: =O17+'5'!P17 -> 0 | Q17: =O17+M17+K17+I17+G17+E17 -> 0 | R17: =Q17+'5'!R17 -> 2097 | S17: =R17/C17 -> 0.58412256 | U17: =T17+'5'!U17 -> 360 | W17: =V17+'5'!W17 -> 121 | Y17: =X17+'5'!Y17 -> 0 | AB17: 7 | AC17: ='5'!AC17 -> أجهور الرمل | AD17: ='5'!AI17 -> 100 | AF17: =AE17+'5'!AF17 -> 316 | AH17: =AG17+'5'!AH17 -> 216 | AI17: =AD17+AE17-AG17 -> 100 | AJ17: =Q17/AG17 -> #DIV/0! | AK17: =R17/AH17 -> 9.7083333 | AW17: ='5'!AW17 -> أجهور الرمل | AX17: ='5'!AX17 -> 4 | AY17: ='5'!AY17 -> 1796 | BB17: =BA17+'5'!BB17 -> 1422 | BC17: =BB17/AY17 -> 0.79175947 | BD17: ='5'!BD17 -> 3 | BE17: ='5'!BE17 -> 100 | BH17: =BG17+'5'!BH17 -> 441 | BI17: =BH17/BE17 -> 4.41
A18: 8 | B18: ='5'!B18 -> منشأة دمــــــــــلو | C18: ='5'!C18 -> 1320 | F18: =E18+'5'!F18 -> 18 | H18: =G18+'5'!H18 -> 528 | J18: =I18+'5'!J18 -> 704 | L18: =K18+'5'!L18 -> 0 | N18: =M18+'5'!N18 -> 0 | P18: =O18+'5'!P18 -> 0 | Q18: =O18+M18+K18+I18+G18+E18 -> 0 | R18: =Q18+'5'!R18 -> 1250 | S18: =R18/C18 -> 0.9469697 | U18: =T18+'5'!U18 -> 175 | W18: =V18+'5'!W18 -> 38 | Y18: =X18+'5'!Y18 -> 0 | AB18: 8 | AC18: ='5'!AC18 -> منشأة دمــــــــــلو | AD18: ='5'!AI18 -> 4 | AF18: =AE18+'5'!AF18 -> 135 | AH18: =AG18+'5'!AH18 -> 131 | AI18: =AD18+AE18-AG18 -> 4 | AJ18: =Q18/AG18 -> #DIV/0! | AK18: =R18/AH18 -> 9.5419847 | AW18: ='5'!AW18 -> منشأة دمــــــــــلو | AX18: ='5'!AX18 -> 2 | AY18: ='5'!AY18 -> 896 | BB18: =BA18+'5'!BB18 -> 748 | BC18: =BB18/AY18 -> 0.83482143 | BD18: ='5'!BD18 -> 8 | BE18: ='5'!BE18 -> 340 | BH18: =BG18+'5'!BH18 -> 328 | BI18: =BH18/BE18 -> 0.96470588
A19: 9 | B19: ='5'!B19 -> شـــــــــــــرانيس | C19: ='5'!C19 -> 1414 | F19: =E19+'5'!F19 -> 11 | H19: =G19+'5'!H19 -> 359 | J19: =I19+'5'!J19 -> 618 | L19: =K19+'5'!L19 -> 0 | N19: =M19+'5'!N19 -> 0 | P19: =O19+'5'!P19 -> 0 | Q19: =O19+M19+K19+I19+G19+E19 -> 0 | R19: =Q19+'5'!R19 -> 988 | S19: =R19/C19 -> 0.69872702 | U19: =T19+'5'!U19 -> 143 | W19: =V19+'5'!W19 -> 0 | Y19: =X19+'5'!Y19 -> 0 | AB19: 9 | AC19: ='5'!AC19 -> شـــــــــــــرانيس | AD19: ='5'!AI19 -> 22 | AF19: =AE19+'5'!AF19 -> 125 | AH19: =AG19+'5'!AH19 -> 103 | AI19: =AD19+AE19-AG19 -> 22 | AJ19: =Q19/AG19 -> #DIV/0! | AK19: =R19/AH19 -> 9.592233 | AW19: ='5'!AW19 -> شـــــــــــــرانيس | AX19: ='5'!AX19 -> 2 | AY19: ='5'!AY19 -> 675 | BB19: =BA19+'5'!BB19 -> 569 | BC19: =BB19/AY19 -> 0.84296296 | BD19: ='5'!BD19 -> 2 | BE19: ='5'!BE19 -> 397 | BH19: =BG19+'5'!BH19 -> 349 | BI19: =BH19/BE19 -> 0.8790932
A20: 10 | B20: ='5'!B20 -> قويســـــــــنا البلد | C20: ='5'!C20 -> 4115 | F20: =E20+'5'!F20 -> 27 | H20: =G20+'5'!H20 -> 406 | J20: =I20+'5'!J20 -> 1286 | L20: =K20+'5'!L20 -> 0 | N20: =M20+'5'!N20 -> 0 | P20: =O20+'5'!P20 -> 0 | Q20: =O20+M20+K20+I20+G20+E20 -> 0 | R20: =Q20+'5'!R20 -> 1719 | S20: =R20/C20 -> 0.41773998 | U20: =T20+'5'!U20 -> 405 | W20: =V20+'5'!W20 -> 144 | Y20: =X20+'5'!Y20 -> 0 | AB20: 10 | AC20: ='5'!AC20 -> قويســـــــــنا البلد | AD20: ='5'!AI20 -> 185 | AF20: =AE20+'5'!AF20 -> 360 | AH20: =AG20+'5'!AH20 -> 175 | AI20: =AD20+AE20-AG20 -> 185 | AJ20: =Q20/AG20 -> #DIV/0! | AK20: =R20/AH20 -> 9.8228571 | AW20: ='5'!AW20 -> قويســـــــــنا البلد | AX20: ='5'!AX20 -> 2 | AY20: ='5'!AY20 -> 1539 | BB20: =BA20+'5'!BB20 -> 1355 | BC20: =BB20/AY20 -> 0.88044185 | BD20: ='5'!BD20 -> 7 | BE20: ='5'!BE20 -> 580 | BH20: =BG20+'5'!BH20 -> 204 | BI20: =BH20/BE20 -> 0.35172414
A21: 11 | B21: ='5'!B21 -> بجيرم | C21: ='5'!C21 -> 1782 | F21: =E21+'5'!F21 -> 8 | H21: =G21+'5'!H21 -> 406 | J21: =I21+'5'!J21 -> 755 | L21: =K21+'5'!L21 -> 0 | N21: =M21+'5'!N21 -> 0 | P21: =O21+'5'!P21 -> 0 | Q21: =O21+M21+K21+I21+G21+E21 -> 0 | R21: =Q21+'5'!R21 -> 1169 | S21: =R21/C21 -> 0.65600449 | U21: =T21+'5'!U21 -> 126 | W21: =V21+'5'!W21 -> 44 | Y21: =X21+'5'!Y21 -> 0 | AB21: 11 | AC21: ='5'!AC21 -> بجيرم | AD21: ='5'!AI21 -> 37 | AF21: =AE21+'5'!AF21 -> 157 | AH21: =AG21+'5'!AH21 -> 120 | AI21: =AD21+AE21-AG21 -> 37 | AJ21: =Q21/AG21 -> #DIV/0! | AK21: =R21/AH21 -> 9.7416667 | AW21: ='5'!AW21 -> بجيرم | AX21: ='5'!AX21 -> 4 | AY21: ='5'!AY21 -> 946 | BB21: =BA21+'5'!BB21 -> 823 | BC21: =BB21/AY21 -> 0.86997886 | BD21: ='5'!BD21 -> 4 | BE21: ='5'!BE21 -> 99 | BH21: =BG21+'5'!BH21 -> 99 | BI21: =BH21/BE21 -> 1
A22: 12 | B22: ='5'!B22 -> كفر بنى غريـــان | C22: ='5'!C22 -> 2184 | F22: =E22+'5'!F22 -> 12 | H22: =G22+'5'!H22 -> 471 | J22: =I22+'5'!J22 -> 971 | L22: =K22+'5'!L22 -> 0 | N22: =M22+'5'!N22 -> 0 | P22: =O22+'5'!P22 -> 0 | Q22: =O22+M22+K22+I22+G22+E22 -> 0 | R22: =Q22+'5'!R22 -> 1454 | S22: =R22/C22 -> 0.66575092 | U22: =T22+'5'!U22 -> 174 | W22: =V22+'5'!W22 -> 7 | Y22: =X22+'5'!Y22 -> 0 | AB22: 12 | AC22: ='5'!AC22 -> كفر بنى غريـــان | AD22: ='5'!AI22 -> 42 | AF22: =AE22+'5'!AF22 -> 192 | AH22: =AG22+'5'!AH22 -> 150 | AI22: =AD22+AE22-AG22 -> 42 | AJ22: =Q22/AG22 -> #DIV/0! | AK22: =R22/AH22 -> 9.6933333 | AW22: ='5'!AW22 -> كفر بنى غريـــان | AX22: ='5'!AX22 -> 3 | AY22: ='5'!AY22 -> 1327 | BB22: =BA22+'5'!BB22 -> 994 | BC22: =BB22/AY22 -> 0.74905803 | BD22: ='5'!BD22 -> 9 | BE22: ='5'!BE22 -> 381 | BH22: =BG22+'5'!BH22 -> 387 | BI22: =BH22/BE22 -> 1.015748
A23: 13 | B23: ='5'!B23 -> بــقســـــــــــــــــا | C23: ='5'!C23 -> 862 | F23: =E23+'5'!F23 -> 8 | H23: =G23+'5'!H23 -> 160 | J23: =I23+'5'!J23 -> 359 | L23: =K23+'5'!L23 -> 0 | N23: =M23+'5'!N23 -> 0 | P23: =O23+'5'!P23 -> 0 | Q23: =O23+M23+K23+I23+G23+E23 -> 0 | R23: =Q23+'5'!R23 -> 527 | S23: =R23/C23 -> 0.61136891 | U23: =T23+'5'!U23 -> 36 | W23: =V23+'5'!W23 -> 14 | Y23: =X23+'5'!Y23 -> 0 | AB23: 13 | AC23: ='5'!AC23 -> بــقســـــــــــــــــا | AD23: ='5'!AI23 -> 22 | AF23: =AE23+'5'!AF23 -> 75 | AH23: =AG23+'5'!AH23 -> 53 | AI23: =AD23+AE23-AG23 -> 22 | AJ23: =Q23/AG23 -> #DIV/0! | AK23: =R23/AH23 -> 9.9433962 | AW23: ='5'!AW23 -> بــقســـــــــــــــــا | AX23: ='5'!AX23 -> 1 | AY23: ='5'!AY23 -> 311 | BB23: =BA23+'5'!BB23 -> 297 | BC23: =BB23/AY23 -> 0.95498392 | BD23: ='5'!BD23 -> 1 | BE23: ='5'!BE23 -> 40 | BH23: =BG23+'5'!BH23 -> 30 | BI23: =BH23/BE23 -> 0.75
A24: 14 | B24: ='5'!B24 -> كفــــــــر الأكرم | C24: ='5'!C24 -> 918 | F24: =E24+'5'!F24 -> 3 | H24: =G24+'5'!H24 -> 233 | J24: =I24+'5'!J24 -> 392 | L24: =K24+'5'!L24 -> 0 | N24: =M24+'5'!N24 -> 0 | P24: =O24+'5'!P24 -> 0 | Q24: =O24+M24+K24+I24+G24+E24 -> 0 | R24: =Q24+'5'!R24 -> 628 | S24: =R24/C24 -> 0.68409586 | U24: =T24+'5'!U24 -> 87 | W24: =V24+'5'!W24 -> 9 | Y24: =X24+'5'!Y24 -> 0 | AB24: 14 | AC24: ='5'!AC24 -> كفــــــــر الأكرم | AD24: ='5'!AI24 -> 15 | AF24: =AE24+'5'!AF24 -> 80 | AH24: =AG24+'5'!AH24 -> 65 | AI24: =AD24+AE24-AG24 -> 15 | AJ24: =Q24/AG24 -> #DIV/0! | AK24: =R24/AH24 -> 9.6615385 | AW24: ='5'!AW24 -> كفــــــــر الأكرم | AX24: ='5'!AX24 -> 2 | AY24: ='5'!AY24 -> 540 | BB24: =BA24+'5'!BB24 -> 380 | BC24: =BB24/AY24 -> 0.7037037 | BD24: ='5'!BD24 -> 2 | BE24: ='5'!BE24 -> 115 | BH24: =BG24+'5'!BH24 -> 160 | BI24: =BH24/BE24 -> 1.3913043
A25: 15 | B25: ='5'!B25 -> كفـــــــــر إبنهس | C25: ='5'!C25 -> 2072 | F25: =E25+'5'!F25 -> 6 | H25: =G25+'5'!H25 -> 345 | J25: =I25+'5'!J25 -> 974 | L25: =K25+'5'!L25 -> 0 | N25: =M25+'5'!N25 -> 0 | P25: =O25+'5'!P25 -> 0 | Q25: =O25+M25+K25+I25+G25+E25 -> 0 | R25: =Q25+'5'!R25 -> 1325 | S25: =R25/C25 -> 0.63947876 | U25: =T25+'5'!U25 -> 173 | W25: =V25+'5'!W25 -> 50 | Y25: =X25+'5'!Y25 -> 0 | AB25: 15 | AC25: ='5'!AC25 -> كفـــــــــر إبنهس | AD25: ='5'!AI25 -> 31 | AF25: =AE25+'5'!AF25 -> 180 | AH25: =AG25+'5'!AH25 -> 149 | AI25: =AD25+AE25-AG25 -> 31 | AJ25: =Q25/AG25 -> #DIV/0! | AK25: =R25/AH25 -> 8.8926174 | AW25: ='5'!AW25 -> كفـــــــــر إبنهس | AX25: ='5'!AX25 -> 3 | AY25: ='5'!AY25 -> 1013 | BB25: =BA25+'5'!BB25 -> 838 | BC25: =BB25/AY25 -> 0.8272458 | BD25: ='5'!BD25 -> 4 | BE25: ='5'!BE25 -> 620 | BH25: =BG25+'5'!BH25 -> 507 | BI25: =BH25/BE25 -> 0.81774194
A26: 16 | B26: ='5'!B26 -> الرمــــــــــــــالى | C26: ='5'!C26 -> 2699 | F26: =E26+'5'!F26 -> 27 | H26: =G26+'5'!H26 -> 312 | J26: =I26+'5'!J26 -> 993 | L26: =K26+'5'!L26 -> 0 | N26: =M26+'5'!N26 -> 0 | P26: =O26+'5'!P26 -> 0 | Q26: =O26+M26+K26+I26+G26+E26 -> 0 | R26: =Q26+'5'!R26 -> 1332 | S26: =R26/C26 -> 0.49351612 | U26: =T26+'5'!U26 -> 114 | W26: =V26+'5'!W26 -> 108 | Y26: =X26+'5'!Y26 -> 1 | AB26: 16 | AC26: ='5'!AC26 -> الرمــــــــــــــالى | AD26: ='5'!AI26 -> 96 | AF26: =AE26+'5'!AF26 -> 235 | AH26: =AG26+'5'!AH26 -> 139 | AI26: =AD26+AE26-AG26 -> 96 | AJ26: =Q26/AG26 -> #DIV/0! | AK26: =R26/AH26 -> 9.5827338 | AW26: ='5'!AW26 -> الرمــــــــــــــالى | AX26: ='5'!AX26 -> 3 | AY26: ='5'!AY26 -> 1486 | BB26: =BA26+'5'!BB26 -> 1149 | BC26: =BB26/AY26 -> 0.77321669 | BD26: ='5'!BD26 -> 3 | BE26: ='5'!BE26 -> 98 | BH26: =BG26+'5'!BH26 -> 0 | BI26: =BH26/BE26 -> 0
... A50: 40 | B50: ='5'!B50 -> 0 | C50: ='5'!C50 -> 0 | F50: =E50+'5'!F50 -> 0 | H50: =G50+'5'!H50 -> 0 | J50: =I50+'5'!J50 -> 0 | L50: =K50+'5'!L50 -> 0 | N50: =M50+'5'!N50 -> 0 | P50: =O50+'5'!P50 -> 0 | Q50: =O50+M50+K50+I50+G50+E50 -> 0 | R50: =Q50+'5'!R50 -> 0 | S50: =R50/C50 -> #DIV/0! | U50: =T50+'5'!U50 -> 0 | W50: =V50+'5'!W50 -> 0 | Y50: =X50+'5'!Y50 -> 0 | AB50: 40 | AC50: ='5'!AC50 -> 0 | AD50: ='5'!AI50 -> 0 | AF50: =AE50+'5'!AF50 -> 0 | AH50: =AG50+'5'!AH50 -> 0 | AI50: =AD50+AE50-AG50 -> 0 | AJ50: =Q50/AG50 -> #DIV/0! | AK50: =R50/AH50 -> #DIV/0! | AW50: ='5'!AW50 -> 0 | AX50: ='5'!AX50 -> 0 | AY50: ='5'!AY50 -> 0 | BB50: =BA50+'5'!BB50 -> 0 | BC50: =BB50/AY50 -> #DIV/0! | BD50: ='5'!BD50 -> 0 | BE50: ='5'!BE50 -> 0 | BH50: =BG50+'5'!BH50 -> 0 | BI50: =BH50/BE50 -> #DIV/0!
A51: الاجمالي | C51: =SUM(C11:C50) -> 97446 | D51: =SUM(D11:D50) -> 0 | E51: =SUM(E11:E50) -> 0 | F51: =SUM(F11:F50) -> 533 | G51: =SUM(G11:G50) -> 0 | H51: =SUM(H11:H50) -> 14954 | I51: =SUM(I11:I50) -> 0 | J51: =SUM(J11:J50) -> 37926 | ... R51: =SUM(R11:R50) -> 53413 | S51: =R51/C51 -> 0.54812922 | T51: =SUM(T11:T50) -> 0 | U51: =SUM(U11:U50) -> 7532 | V51: =SUM(V11:V50) -> 0 | W51: =SUM(W11:W50) -> 1107 | X51: =SUM(X11:X50) -> 0 | Y51: =SUM(Y11:Y50) -> 2 | AB51: اجمالي الوحدات | AD51: =SUM(AD11:AD50) -> 3133 | AE51: =SUM(AE11:AE50) -> 0 | AF51: =SUM(AF11:AF50) -> 8632 | AG51: =SUM(AG11:AG50) -> 0 | AH51: =SUM(AH11:AH50) -> 5499 | AI51: =SUM(AI11:AI50) -> 3133 | AJ51: =Q51/AG51 -> #DIV/0! | AK51: =R51/AH51 -> 9.7132206 | AW51: الاجمالي | AX51: =SUM(AX11:AX50) -> 121 | AY51: =SUM(AY11:AY50) -> 50910 | AZ51: =SUM(AZ11:AZ50) -> 0 | BA51: =SUM(BA11:BA50) -> 0 | BB51: =SUM(BB11:BB50) -> 39924 | BC51: =BB51/AY51 -> 0.78420742 | BD51: =SUM(BD11:BD50) -> 241 | BE51: =SUM(BE11:BE50) -> 14990 | BF51: =SUM(BF11:BF50) -> 0 | BG51: =SUM(BG11:BG50) -> 0 | BH51: =SUM(BH11:BH50) -> 9274 | BI51: =BH51/BE51 -> 0.61867912
G54: مراقب التطعيمات مسؤل التطعيمات مدير الوقائي مدير الادارة | AB54: مراقب التطعيمات / مسئول التطعيمات / المدير الوقائى / مدير الادارة /
AX55: مراقب التطعيمات / مسئول التطعيمات / المدير الوقائى / مدير الادارة /

Sheet 7
A1: وزارة الصحة والسكان | AB1: وزارة الصحة والسكان | AW1: وزارة الصحة والسكان
A2: قطاع الطب الوقائي والصحة العامة | AB2: قطاع الطب الوقائي والصحة العامة | AW2: قطاع الطب الوقائي والصحة العامة
A3: الإدارة المركزية للصحة العامة | AB3: الإدارة المركزية للصحة العامة | AW3: الإدارة المركزية للصحة العامة
A4: الإدارة العامة لمكافحة الأمراض المعدية | AB4: الإدارة العامة لمكافحة الأمراض المعدية | AW4: الإدارة العامة لمكافحة الأمراض المعدية
A5: البرنامج الموسع للتطعيمات | AB5: البرنامج الموسع للتطعيمات | AW5: البرنامج الموسع للتطعيمات
A6: بيان باعداد المتطعمين و المتغيبين و الاثار الجانبية بالحملة القومية للتطعيم بطعم MR | AF6: البلاغ اليومى لحركة الطعوم بالحملة القومية للتطعيم بطعم MR | AY6: بيان المدارس و الحضانات بالحملة القومية للتطعيم بطعم MR
A7: مديرية الشئون الصحية / الإدارة الصحية / التاريخ / اليوم / | AJ7: مديرية الشئون الصحية / الإدارة الصحية / التاريخ/ اليوم / | BC7: مديرية الشئون الصحية / الإدارة الصحية / التاريخ/ اليوم /
A8: م | B8: اسم الوحدة/ مكتب الصحة | C8: المستهدف | D8: عدد الفرق | E8: المتطعمين المصريين | K8: المتطعمين غير المصريين | Q8: الاجمالى | S8: النسبة | T8: المتغيبين عن التطعيم | V8: المطعمين من المتغيبين | X8: الاثار الجانبية | AB8: م | AC8: اسم الوحدة | AD8: الرصيد اول اليوم | AE8: عدد الزجاجات الواردة | AG8: عدد الزجاجات المستهلكة | AI8: عدد الزجاجات المتبقية | AJ8: معدل الزجاجة اليوم | AK8: معدل الزجاجة حتي اليوم | AM8: مخزن طعوم الادارة | AN8: التشغيلة | AO8: الرصيد اول اليوم | AP8: عدد الزجاجات الواردة | AR8: عدد الزجاجات المنصرفة | AT8: عدد الزجاجات المتبقية | AW8: اسم الوحدة | AX8: بيان المدارس | BD8: بيان الحضانات
E9: من 9 شهور لأقل من عام | G9: من عام لأقل من5 سنوات | I9: من 5 سنوات الى 10 سنة | K9: من 9 شهور لأقل من عام | M9: من عام لأقل من5 سنوات | O9: من 5 سنوات الى 10 سنة | AP9: اليوم | AQ9: حتى اليوم | AR9: اليوم | AS9: حتى اليوم | AX9: عدد المدارس | AY9: المستهدف | AZ9: عدد المدارس التي تم زيارتها حتى اليوم | BA9: عدد المتطعمين اليوم | BB9: عدد المتطعمين حتى اليوم | BC9: النسبة | BD9: عدد الحضانات | BE9: المستهدف | BF9: عدد الحضانات التي تم زيارتها حتى اليوم | BG9: عدد المتطعمين اليوم | BH9: عدد المتطعمين حتى اليوم | BI9: النسبة
E10: اليوم | F10: حتى اليوم | G10: اليوم | H10: حتى اليوم | I10: اليوم | J10: حتى اليوم | K10: اليوم | L10: حتى اليوم | M10: اليوم | N10: حتى اليوم | O10: اليوم | P10: حتى اليوم | Q10: اليوم | R10: حتى اليوم | T10: اليوم | U10: حتى اليوم | V10: اليوم | W10: حتى اليوم | X10: اليوم | Y10: حتى اليوم | AE10: اليوم | AF10: حتى اليوم | AG10: اليوم | AH10: حتى اليوم | AN10: ='6'!AN10 -> 0124W120 | AO10: ='6'!AT10 -> 48 | AQ10: =AP10+'6'!AQ10 -> 73 | AS10: =AR10+'6'!AS10 -> 25 | AT10: =AO10+AP10-AR10 -> 48
A11: 1 | B11: ='6'!B11 -> مكتب الصحة | C11: ='6'!C11 -> 12251 | F11: =E11+'6'!F11 -> 39 | H11: =G11+'6'!H11 -> 1961 | J11: =I11+'6'!J11 -> 5340 | L11: =K11+'6'!L11 -> 0 | N11: =M11+'6'!N11 -> 0 | P11: =O11+'6'!P11 -> 0 | Q11: =O11+M11+K11+I11+G11+E11 -> 0 | R11: =Q11+'6'!R11 -> 7340 | S11: =R11/C11 -> 0.59913476 | U11: =T11+'6'!U11 -> 1397 | W11: =V11+'6'!W11 -> 4 | Y11: =X11+'6'!Y11 -> 1 | AB11: 1 | AC11: ='6'!AC11 -> مكتب الصحة | AD11: ='6'!AI11 -> 333 | AF11: =AE11+'6'!AF11 -> 1082 | AH11: =AG11+'6'!AH11 -> 749 | AI11: =AD11+AE11-AG11 -> 333 | AJ11: =Q11/AG11 -> #DIV/0! | AK11: =R11/AH11 -> 9.799733 | AN11: ='6'!AN11 -> 420604325A | AO11: ='6'!AT11 -> 3076 | AQ11: =AP11+'6'!AQ11 -> 8550 | AS11: =AR11+'6'!AS11 -> 5474 | AT11: =AO11+AP11-AR11 -> 3076 | AW11: ='6'!AW11 -> مكتب الصحة | AX11: ='6'!AX11 -> 11 | AY11: ='6'!AY11 -> 8411 | BB11: =BA11+'6'!BB11 -> 5998 | BC11: =BB11/AY11 -> 0.71311378 | BD11: ='6'!BD11 -> 27 | BE11: ='6'!BE11 -> 1746 | BH11: =BG11+'6'!BH11 -> 477 | BI11: =BH11/BE11 -> 0.27319588
A12: 2 | B12: ='6'!B12 -> شبرابخـــــــــــوم | C12: ='6'!C12 -> 4445 | F12: =E12+'6'!F12 -> 14 | H12: =G12+'6'!H12 -> 392 | J12: =I12+'6'!J12 -> 1857 | L12: =K12+'6'!L12 -> 0 | N12: =M12+'6'!N12 -> 0 | P12: =O12+'6'!P12 -> 0 | Q12: =O12+M12+K12+I12+G12+E12 -> 0 | R12: =Q12+'6'!R12 -> 2263 | S12: =R12/C12 -> 0.50911136 | U12: =T12+'6'!U12 -> 373 | W12: =V12+'6'!W12 -> 15 | Y12: =X12+'6'!Y12 -> 0 | AB12: 2 | AC12: ='6'!AC12 -> شبرابخـــــــــــوم | AD12: ='6'!AI12 -> 158 | AF12: =AE12+'6'!AF12 -> 390 | AH12: =AG12+'6'!AH12 -> 232 | AI12: =AD12+AE12-AG12 -> 158 | AJ12: =Q12/AG12 -> #DIV/0! | AK12: =R12/AH12 -> 9.7543103 | AN12: ='6'!AN12 -> 420604225A | AO12: ='6'!AT12 -> 100 | AQ12: =AP12+'6'!AQ12 -> 100 | AS12: =AR12+'6'!AS12 -> 0 | AT12: =AO12+AP12-AR12 -> 100 | AW12: ='6'!AW12 -> شبرابخـــــــــــوم | AX12: ='6'!AX12 -> 6 | AY12: ='6'!AY12 -> 2215 | BB12: =BA12+'6'!BB12 -> 2306 | BC12: =BB12/AY12 -> 1.0410835 | BD12: ='6'!BD12 -> 16 | BE12: ='6'!BE12 -> 729 | BH12: =BG12+'6'!BH12 -> 224 | BI12: =BH12/BE12 -> 0.30727023
A13: 3 | B13: ='6'!B13 -> ميت بره | C13: ='6'!C13 -> 11614 | F13: =E13+'6'!F13 -> 45 | H13: =G13+'6'!H13 -> 465 | J13: =I13+'6'!J13 -> 3703 | L13: =K13+'6'!L13 -> 0 | N13: =M13+'6'!N13 -> 0 | P13: =O13+'6'!P13 -> 0 | Q13: =O13+M13+K13+I13+G13+E13 -> 0 | R13: =Q13+'6'!R13 -> 4213 | S13: =R13/C13 -> 0.36275185 | U13: =T13+'6'!U13 -> 641 | W13: =V13+'6'!W13 -> 0 | Y13: =X13+'6'!Y13 -> 0 | AB13: 3 | AC13: ='6'!AC13 -> ميت بره | AD13: ='6'!AI13 -> 584 | AF13: =AE13+'6'!AF13 -> 1020 | AH13: =AG13+'6'!AH13 -> 436 | AI13: =AD13+AE13-AG13 -> 584 | AJ13: =Q13/AG13 -> #DIV/0! | AK13: =R13/AH13 -> 9.662844 | AN13: اجمالي المخزن | AO13: =SUM(AO10:AO12) -> 3224 | AP13: =SUM(AP10:AP12) -> 0 | AQ13: =SUM(AQ10:AQ12) -> 8723 | AR13: =SUM(AR10:AR12) -> 0 | AS13: =SUM(AS10:AS12) -> 5499 | AT13: =SUM(AT10:AT12) -> 3224 | AW13: ='6'!AW13 -> ميت بره | AX13: ='6'!AX13 -> 8 | AY13: ='6'!AY13 -> 4849 | BB13: =BA13+'6'!BB13 -> 4093 | BC13: =BB13/AY13 -> 0.84409157 | BD13: ='6'!BD13 -> 21 | BE13: ='6'!BE13 -> 1129 | BH13: =BG13+'6'!BH13 -> 128 | BI13: =BH13/BE13 -> 0.11337467
A14: 4 | B14: ='6'!B14 -> أبنــــــــــــــــهس | C14: ='6'!C14 -> 5029 | F14: =E14+'6'!F14 -> 14 | H14: =G14+'6'!H14 -> 349 | J14: =I14+'6'!J14 -> 2016 | L14: =K14+'6'!L14 -> 0 | N14: =M14+'6'!N14 -> 0 | P14: =O14+'6'!P14 -> 0 | Q14: =O14+M14+K14+I14+G14+E14 -> 0 | R14: =Q14+'6'!R14 -> 2379 | S14: =R14/C14 -> 0.47305627 | U14: =T14+'6'!U14 -> 341 | W14: =V14+'6'!W14 -> 29 | Y14: =X14+'6'!Y14 -> 0 | AB14: 4 | AC14: ='6'!AC14 -> أبنــــــــــــــــهس | AD14: ='6'!AI14 -> 196 | AF14: =AE14+'6'!AF14 -> 440 | AH14: =AG14+'6'!AH14 -> 244 | AI14: =AD14+AE14-AG14 -> 196 | AJ14: =Q14/AG14 -> #DIV/0! | AK14: =R14/AH14 -> 9.75 | AM14: احمالي الوحدات ومخزن الادارة | AT14: =AT13+AI51 -> 6357 | AW14: ='6'!AW14 -> أبنــــــــــــــــهس | AX14: ='6'!AX14 -> 7 | AY14: ='6'!AY14 -> 2531 | BB14: =BA14+'6'!BB14 -> 2092 | BC14: =BB14/AY14 -> 0.82655077 | BD14: ='6'!BD14 -> 23 | BE14: ='6'!BE14 -> 921 | BH14: =BG14+'6'!BH14 -> 287 | BI14: =BH14/BE14 -> 0.31161781
A15: 5 | B15: ='6'!B15 -> ميت ســـــــــراج | C15: ='6'!C15 -> 2369 | F15: =E15+'6'!F15 -> 4 | H15: =G15+'6'!H15 -> 472 | J15: =I15+'6'!J15 -> 839 | L15: =K15+'6'!L15 -> 0 | N15: =M15+'6'!N15 -> 0 | P15: =O15+'6'!P15 -> 0 | Q15: =O15+M15+K15+I15+G15+E15 -> 0 | R15: =Q15+'6'!R15 -> 1315 | S15: =R15/C15 -> 0.55508653 | U15: =T15+'6'!U15 -> 105 | W15: =V15+'6'!W15 -> 37 | Y15: =X15+'6'!Y15 -> 0 | AB15: 5 | AC15: ='6'!AC15 -> ميت ســـــــــراج | AD15: ='6'!AI15 -> 74 | AF15: =AE15+'6'!AF15 -> 209 | AH15: =AG15+'6'!AH15 -> 135 | AI15: =AD15+AE15-AG15 -> 74 | AJ15: =Q15/AG15 -> #DIV/0! | AK15: =R15/AH15 -> 9.7407407 | AW15: ='6'!AW15 -> ميت ســـــــــراج | AX15: ='6'!AX15 -> 2 | AY15: ='6'!AY15 -> 1041 | BB15: =BA15+'6'!BB15 -> 874 | BC15: =BB15/AY15 -> 0.83957733 | BD15: ='6'!BD15 -> 5 | BE15: ='6'!BE15 -> 310 | BH15: =BG15+'6'!BH15 -> 385 | BI15: =BH15/BE15 -> 1.2419355
A16: 6 | B16: ='6'!B16 -> أم خــــــــــــــنان | C16: ='6'!C16 -> 4900 | F16: =E16+'6'!F16 -> 11 | H16: =G16+'6'!H16 -> 280 | J16: =I16+'6'!J16 -> 1942 | L16: =K16+'6'!L16 -> 0 | N16: =M16+'6'!N16 -> 0 | P16: =O16+'6'!P16 -> 0 | Q16: =O16+M16+K16+I16+G16+E16 -> 0 | R16: =Q16+'6'!R16 -> 2233 | S16: =R16/C16 -> 0.45571429 | U16: =T16+'6'!U16 -> 375 | W16: =V16+'6'!W16 -> 0 | Y16: =X16+'6'!Y16 -> 0 | AB16: 6 | AC16: ='6'!AC16 -> أم خــــــــــــــنان | AD16: ='6'!AI16 -> 204 | AF16: =AE16+'6'!AF16 -> 430 | AH16: =AG16+'6'!AH16 -> 226 | AI16: =AD16+AE16-AG16 -> 204 | AJ16: =Q16/AG16 -> #DIV/0! | AK16: =R16/AH16 -> 9.880531 | AW16: ='6'!AW16 -> أم خــــــــــــــنان | AX16: ='6'!AX16 -> 8 | AY16: ='6'!AY16 -> 2981 | BB16: =BA16+'6'!BB16 -> 2132 | BC16: =BB16/AY16 -> 0.71519624 | BD16: ='6'!BD16 -> 12 | BE16: ='6'!BE16 -> 1313 | BH16: =BG16+'6'!BH16 -> 0 | BI16: =BH16/BE16 -> 0
A17: 7 | B17: ='6'!B17 -> أجهور الرمل | C17: ='6'!C17 -> 3590 | F17: =E17+'6'!F17 -> 17 | H17: =G17+'6'!H17 -> 591 | J17: =I17+'6'!J17 -> 1489 | L17: =K17+'6'!L17 -> 0 | N17: =M17+'6'!N17 -> 0 | P17: =O17+'6'!P17 -> 0 | Q17: =O17+M17+K17+I17+G17+E17 -> 0 | R17: =Q17+'6'!R17 -> 2097 | S17: =R17/C17 -> 0.58412256 | U17: =T17+'6'!U17 -> 360 | W17: =V17+'6'!W17 -> 121 | Y17: =X17+'6'!Y17 -> 0 | AB17: 7 | AC17: ='6'!AC17 -> أجهور الرمل | AD17: ='6'!AI17 -> 100 | AF17: =AE17+'6'!AF17 -> 316 | AH17: =AG17+'6'!AH17 -> 216 | AI17: =AD17+AE17-AG17 -> 100 | AJ17: =Q17/AG17 -> #DIV/0! | AK17: =R17/AH17 -> 9.7083333 | AW17: ='6'!AW17 -> أجهور الرمل | AX17: ='6'!AX17 -> 4 | AY17: ='6'!AY17 -> 1796 | BB17: =BA17+'6'!BB17 -> 1422 | BC17: =BB17/AY17 -> 0.79175947 | BD17: ='6'!BD17 -> 3 | BE17: ='6'!BE17 -> 100 | BH17: =BG17+'6'!BH17 -> 441 | BI17: =BH17/BE17 -> 4.41
A18: 8 | B18: ='6'!B18 -> منشأة دمــــــــــلو | C18: ='6'!C18 -> 1320 | F18: =E18+'6'!F18 -> 18 | H18: =G18+'6'!H18 -> 528 | J18: =I18+'6'!J18 -> 704 | L18: =K18+'6'!L18 -> 0 | N18: =M18+'6'!N18 -> 0 | P18: =O18+'6'!P18 -> 0 | Q18: =O18+M18+K18+I18+G18+E18 -> 0 | R18: =Q18+'6'!R18 -> 1250 | S18: =R18/C18 -> 0.9469697 | U18: =T18+'6'!U18 -> 175 | W18: =V18+'6'!W18 -> 38 | Y18: =X18+'6'!Y18 -> 0 | AB18: 8 | AC18: ='6'!AC18 -> منشأة دمــــــــــلو | AD18: ='6'!AI18 -> 4 | AF18: =AE18+'6'!AF18 -> 135 | AH18: =AG18+'6'!AH18 -> 131 | AI18: =AD18+AE18-AG18 -> 4 | AJ18: =Q18/AG18 -> #DIV/0! | AK18: =R18/AH18 -> 9.5419847 | AW18: ='6'!AW18 -> منشأة دمــــــــــلو | AX18: ='6'!AX18 -> 2 | AY18: ='6'!AY18 -> 896 | BB18: =BA18+'6'!BB18 -> 748 | BC18: =BB18/AY18 -> 0.83482143 | BD18: ='6'!BD18 -> 8 | BE18: ='6'!BE18 -> 340 | BH18: =BG18+'6'!BH18 -> 328 | BI18: =BH18/BE18 -> 0.96470588
A19: 9 | B19: ='6'!B19 -> شـــــــــــــرانيس | C19: ='6'!C19 -> 1414 | F19: =E19+'6'!F19 -> 11 | H19: =G19+'6'!H19 -> 359 | J19: =I19+'6'!J19 -> 618 | L19: =K19+'6'!L19 -> 0 | N19: =M19+'6'!N19 -> 0 | P19: =O19+'6'!P19 -> 0 | Q19: =O19+M19+K19+I19+G19+E19 -> 0 | R19: =Q19+'6'!R19 -> 988 | S19: =R19/C19 -> 0.69872702 | U19: =T19+'6'!U19 -> 143 | W19: =V19+'6'!W19 -> 0 | Y19: =X19+'6'!Y19 -> 0 | AB19: 9 | AC19: ='6'!AC19 -> شـــــــــــــرانيس | AD19: ='6'!AI19 -> 22 | AF19: =AE19+'6'!AF19 -> 125 | AH19: =AG19+'6'!AH19 -> 103 | AI19: =AD19+AE19-AG19 -> 22 | AJ19: =Q19/AG19 -> #DIV/0! | AK19: =R19/AH19 -> 9.592233 | AW19: ='6'!AW19 -> شـــــــــــــرانيس | AX19: ='6'!AX19 -> 2 | AY19: ='6'!AY19 -> 675 | BB19: =BA19+'6'!BB19 -> 569 | BC19: =BB19/AY19 -> 0.84296296 | BD19: ='6'!BD19 -> 2 | BE19: ='6'!BE19 -> 397 | BH19: =BG19+'6'!BH19 -> 349 | BI19: =BH19/BE19 -> 0.8790932
A20: 10 | B20: ='6'!B20 -> قويســـــــــنا البلد | C20: ='6'!C20 -> 4115 | F20: =E20+'6'!F20 -> 27 | H20: =G20+'6'!H20 -> 406 | J20: =I20+'6'!J20 -> 1286 | L20: =K20+'6'!L20 -> 0 | N20: =M20+'6'!N20 -> 0 | P20: =O20+'6'!P20 -> 0 | Q20: =O20+M20+K20+I20+G20+E20 -> 0 | R20: =Q20+'6'!R20 -> 1719 | S20: =R20/C20 -> 0.41773998 | U20: =T20+'6'!U20 -> 405 | W20: =V20+'6'!W20 -> 144 | Y20: =X20+'6'!Y20 -> 0 | AB20: 10 | AC20: ='6'!AC20 -> قويســـــــــنا البلد | AD20: ='6'!AI20 -> 185 | AF20: =AE20+'6'!AF20 -> 360 | AH20: =AG20+'6'!AH20 -> 175 | AI20: =AD20+AE20-AG20 -> 185 | AJ20: =Q20/AG20 -> #DIV/0! | AK20: =R20/AH20 -> 9.8228571 | AW20: ='6'!AW20 -> قويســـــــــنا البلد | AX20: ='6'!AX20 -> 2 | AY20: ='6'!AY20 -> 1539 | BB20: =BA20+'6'!BB20 -> 1355 | BC20: =BB20/AY20 -> 0.88044185 | BD20: ='6'!BD20 -> 7 | BE20: ='6'!BE20 -> 580 | BH20: =BG20+'6'!BH20 -> 204 | BI20: =BH20/BE20 -> 0.35172414
A21: 11 | B21: ='6'!B21 -> بجيرم | C21: ='6'!C21 -> 1782 | F21: =E21+'6'!F21 -> 8 | H21: =G21+'6'!H21 -> 406 | J21: =I21+'6'!J21 -> 755 | L21: =K21+'6'!L21 -> 0 | N21: =M21+'6'!N21 -> 0 | P21: =O21+'6'!P21 -> 0 | Q21: =O21+M21+K21+I21+G21+E21 -> 0 | R21: =Q21+'6'!R21 -> 1169 | S21: =R21/C21 -> 0.65600449 | U21: =T21+'6'!U21 -> 126 | W21: =V21+'6'!W21 -> 44 | Y21: =X21+'6'!Y21 -> 0 | AB21: 11 | AC21: ='6'!AC21 -> بجيرم | AD21: ='6'!AI21 -> 37 | AF21: =AE21+'6'!AF21 -> 157 | AH21: =AG21+'6'!AH21 -> 120 | AI21: =AD21+AE21-AG21 -> 37 | AJ21: =Q21/AG21 -> #DIV/0! | AK21: =R21/AH21 -> 9.7416667 | AW21: ='6'!AW21 -> بجيرم | AX21: ='6'!AX21 -> 4 | AY21: ='6'!AY21 -> 946 | BB21: =BA21+'6'!BB21 -> 823 | BC21: =BB21/AY21 -> 0.86997886 | BD21: ='6'!BD21 -> 4 | BE21: ='6'!BE21 -> 99 | BH21: =BG21+'6'!BH21 -> 99 | BI21: =BH21/BE21 -> 1
A22: 12 | B22: ='6'!B22 -> كفر بنى غريـــان | C22: ='6'!C22 -> 2184 | F22: =E22+'6'!F22 -> 12 | H22: =G22+'6'!H22 -> 471 | J22: =I22+'6'!J22 -> 971 | L22: =K22+'6'!L22 -> 0 | N22: =M22+'6'!N22 -> 0 | P22: =O22+'6'!P22 -> 0 | Q22: =O22+M22+K22+I22+G22+E22 -> 0 | R22: =Q22+'6'!R22 -> 1454 | S22: =R22/C22 -> 0.66575092 | U22: =T22+'6'!U22 -> 174 | W22: =V22+'6'!W22 -> 7 | Y22: =X22+'6'!Y22 -> 0 | AB22: 12 | AC22: ='6'!AC22 -> كفر بنى غريـــان | AD22: ='6'!AI22 -> 42 | AF22: =AE22+'6'!AF22 -> 192 | AH22: =AG22+'6'!AH22 -> 150 | AI22: =AD22+AE22-AG22 -> 42 | AJ22: =Q22/AG22 -> #DIV/0! | AK22: =R22/AH22 -> 9.6933333 | AW22: ='6'!AW22 -> كفر بنى غريـــان | AX22: ='6'!AX22 -> 3 | AY22: ='6'!AY22 -> 1327 | BB22: =BA22+'6'!BB22 -> 994 | BC22: =BB22/AY22 -> 0.74905803 | BD22: ='6'!BD22 -> 9 | BE22: ='6'!BE22 -> 381 | BH22: =BG22+'6'!BH22 -> 387 | BI22: =BH22/BE22 -> 1.015748
A23: 13 | B23: ='6'!B23 -> بــقســـــــــــــــــا | C23: ='6'!C23 -> 862 | F23: =E23+'6'!F23 -> 8 | H23: =G23+'6'!H23 -> 160 | J23: =I23+'6'!J23 -> 359 | L23: =K23+'6'!L23 -> 0 | N23: =M23+'6'!N23 -> 0 | P23: =O23+'6'!P23 -> 0 | Q23: =O23+M23+K23+I23+G23+E23 -> 0 | R23: =Q23+'6'!R23 -> 527 | S23: =R23/C23 -> 0.61136891 | U23: =T23+'6'!U23 -> 36 | W23: =V23+'6'!W23 -> 14 | Y23: =X23+'6'!Y23 -> 0 | AB23: 13 | AC23: ='6'!AC23 -> بــقســـــــــــــــــا | AD23: ='6'!AI23 -> 22 | AF23: =AE23+'6'!AF23 -> 75 | AH23: =AG23+'6'!AH23 -> 53 | AI23: =AD23+AE23-AG23 -> 22 | AJ23: =Q23/AG23 -> #DIV/0! | AK23: =R23/AH23 -> 9.9433962 | AW23: ='6'!AW23 -> بــقســـــــــــــــــا | AX23: ='6'!AX23 -> 1 | AY23: ='6'!AY23 -> 311 | BB23: =BA23+'6'!BB23 -> 297 | BC23: =BB23/AY23 -> 0.95498392 | BD23: ='6'!BD23 -> 1 | BE23: ='6'!BE23 -> 40 | BH23: =BG23+'6'!BH23 -> 30 | BI23: =BH23/BE23 -> 0.75
A24: 14 | B24: ='6'!B24 -> كفــــــــر الأكرم | C24: ='6'!C24 -> 918 | F24: =E24+'6'!F24 -> 3 | H24: =G24+'6'!H24 -> 233 | J24: =I24+'6'!J24 -> 392 | L24: =K24+'6'!L24 -> 0 | N24: =M24+'6'!N24 -> 0 | P24: =O24+'6'!P24 -> 0 | Q24: =O24+M24+K24+I24+G24+E24 -> 0 | R24: =Q24+'6'!R24 -> 628 | S24: =R24/C24 -> 0.68409586 | U24: =T24+'6'!U24 -> 87 | W24: =V24+'6'!W24 -> 9 | Y24: =X24+'6'!Y24 -> 0 | AB24: 14 | AC24: ='6'!AC24 -> كفــــــــر الأكرم | AD24: ='6'!AI24 -> 15 | AF24: =AE24+'6'!AF24 -> 80 | AH24: =AG24+'6'!AH24 -> 65 | AI24: =AD24+AE24-AG24 -> 15 | AJ24: =Q24/AG24 -> #DIV/0! | AK24: =R24/AH24 -> 9.6615385 | AW24: ='6'!AW24 -> كفــــــــر الأكرم | AX24: ='6'!AX24 -> 2 | AY24: ='6'!AY24 -> 540 | BB24: =BA24+'6'!BB24 -> 380 | BC24: =BB24/AY24 -> 0.7037037 | BD24: ='6'!BD24 -> 2 | BE24: ='6'!BE24 -> 115 | BH24: =BG24+'6'!BH24 -> 160 | BI24: =BH24/BE24 -> 1.3913043
A25: 15 | B25: ='6'!B25 -> كفـــــــــر إبنهس | C25: ='6'!C25 -> 2072 | F25: =E25+'6'!F25 -> 6 | H25: =G25+'6'!H25 -> 345 | J25: =I25+'6'!J25 -> 974 | L25: =K25+'6'!L25 -> 0 | N25: =M25+'6'!N25 -> 0 | P25: =O25+'6'!P25 -> 0 | Q25: =O25+M25+K25+I25+G25+E25 -> 0 | R25: =Q25+'6'!R25 -> 1325 | S25: =R25/C25 -> 0.63947876 | U25: =T25+'6'!U25 -> 173 | W25: =V25+'6'!W25 -> 50 | Y25: =X25+'6'!Y25 -> 0 | AB25: 15 | AC25: ='6'!AC25 -> كفـــــــــر إبنهس | AD25: ='6'!AI25 -> 31 | AF25: =AE25+'6'!AF25 -> 180 | AH25: =AG25+'6'!AH25 -> 149 | AI25: =AD25+AE25-AG25 -> 31 | AJ25: =Q25/AG25 -> #DIV/0! | AK25: =R25/AH25 -> 8.8926174 | AW25: ='6'!AW25 -> كفـــــــــر إبنهس | AX25: ='6'!AX25 -> 3 | AY25: ='6'!AY25 -> 1013 | BB25: =BA25+'6'!BB25 -> 838 | BC25: =BB25/AY25 -> 0.8272458 | BD25: ='6'!BD25 -> 4 | BE25: ='6'!BE25 -> 620 | BH25: =BG25+'6'!BH25 -> 507 | BI25: =BH25/BE25 -> 0.81774194
A26: 16 | B26: ='6'!B26 -> الرمــــــــــــــالى | C26: ='6'!C26 -> 2699 | F26: =E26+'6'!F26 -> 27 | H26: =G26+'6'!H26 -> 312 | J26: =I26+'6'!J26 -> 993 | L26: =K26+'6'!L26 -> 0 | N26: =M26+'6'!N26 -> 0 | P26: =O26+'6'!P26 -> 0 | Q26: =O26+M26+K26+I26+G26+E26 -> 0 | R26: =Q26+'6'!R26 -> 1332 | S26: =R26/C26 -> 0.49351612 | U26: =T26+'6'!U26 -> 114 | W26: =V26+'6'!W26 -> 108 | Y26: =X26+'6'!Y26 -> 1 | AB26: 16 | AC26: ='6'!AC26 -> الرمــــــــــــــالى | AD26: ='6'!AI26 -> 96 | AF26: =AE26+'6'!AF26 -> 235 | AH26: =AG26+'6'!AH26 -> 139 | AI26: =AD26+AE26-AG26 -> 96 | AJ26: =Q26/AG26 -> #DIV/0! | AK26: =R26/AH26 -> 9.5827338 | AW26: ='6'!AW26 -> الرمــــــــــــــالى | AX26: ='6'!AX26 -> 3 | AY26: ='6'!AY26 -> 1486 | BB26: =BA26+'6'!BB26 -> 1149 | BC26: =BB26/AY26 -> 0.77321669 | BD26: ='6'!BD26 -> 3 | BE26: ='6'!BE26 -> 98 | BH26: =BG26+'6'!BH26 -> 0 | BI26: =BH26/BE26 -> 0
... A50: 40 | B50: ='6'!B50 -> 0 | C50: ='6'!C50 -> 0 | F50: =E50+'6'!F50 -> 0 | H50: =G50+'6'!H50 -> 0 | J50: =I50+'6'!J50 -> 0 | L50: =K50+'6'!L50 -> 0 | N50: =M50+'6'!N50 -> 0 | P50: =O50+'6'!P50 -> 0 | Q50: =O50+M50+K50+I50+G50+E50 -> 0 | R50: =Q50+'6'!R50 -> 0 | S50: =R50/C50 -> #DIV/0! | U50: =T50+'6'!U50 -> 0 | W50: =V50+'6'!W50 -> 0 | Y50: =X50+'6'!Y50 -> 0 | AB50: 40 | AC50: ='6'!AC50 -> 0 | AD50: ='6'!AI50 -> 0 | AF50: =AE50+'6'!AF50 -> 0 | AH50: =AG50+'6'!AH50 -> 0 | AI50: =AD50+AE50-AG50 -> 0 | AJ50: =Q50/AG50 -> #DIV/0! | AK50: =R50/AH50 -> #DIV/0! | AW50: ='6'!AW50 -> 0 | AX50: ='6'!AX50 -> 0 | AY50: ='6'!AY50 -> 0 | BB50: =BA50+'6'!BB50 -> 0 | BC50: =BB50/AY50 -> #DIV/0! | BD50: ='6'!BD50 -> 0 | BE50: ='6'!BE50 -> 0 | BH50: =BG50+'6'!BH50 -> 0 | BI50: =BH50/BE50 -> #DIV/0!
A51: الاجمالي | C51: =SUM(C11:C50) -> 97446 | D51: =SUM(D11:D50) -> 0 | E51: =SUM(E11:E50) -> 0 | F51: =SUM(F11:F50) -> 533 | G51: =SUM(G11:G50) -> 0 | H51: =SUM(H11:H50) -> 14954 | I51: =SUM(I11:I50) -> 0 | J51: =SUM(J11:J50) -> 37926 | ... R51: =SUM(R11:R50) -> 53413 | S51: =R51/C51 -> 0.54812922 | T51: =SUM(T11:T50) -> 0 | U51: =SUM(U11:U50) -> 7532 | V51: =SUM(V11:V50) -> 0 | W51: =SUM(W11:W50) -> 1107 | X51: =SUM(X11:X50) -> 0 | Y51: =SUM(Y11:Y50) -> 2 | AB51: اجمالي الوحدات | AD51: =SUM(AD11:AD50) -> 3133 | AE51: =SUM(AE11:AE50) -> 0 | AF51: =SUM(AF11:AF50) -> 8632 | AG51: =SUM(AG11:AG50) -> 0 | AH51: =SUM(AH11:AH50) -> 5499 | AI51: =SUM(AI11:AI50) -> 3133 | AJ51: =Q51/AG51 -> #DIV/0! | AK51: =R51/AH51 -> 9.7132206 | AW51: الاجمالي | AX51: =SUM(AX11:AX50) -> 121 | AY51: =SUM(AY11:AY50) -> 50910 | AZ51: =SUM(AZ11:AZ50) -> 0 | BA51: =SUM(BA11:BA50) -> 0 | BB51: =SUM(BB11:BB50) -> 39924 | BC51: =BB51/AY51 -> 0.78420742 | BD51: =SUM(BD11:BD50) -> 241 | BE51: =SUM(BE11:BE50) -> 14990 | BF51: =SUM(BF11:BF50) -> 0 | BG51: =SUM(BG11:BG50) -> 0 | BH51: =SUM(BH11:BH50) -> 9274 | BI51: =BH51/BE51 -> 0.61867912
G54: مراقب التطعيمات مسؤل التطعيمات مدير الوقائي مدير الادارة | AB54: مراقب التطعيمات / مسئول التطعيمات / المدير الوقائى / مدير الادارة /
AX55: مراقب التطعيمات / مسئول التطعيمات / المدير الوقائى / مدير الادارة /

Sheet 8
A1: وزارة الصحة والسكان | AB1: وزارة الصحة والسكان | AW1: وزارة الصحة والسكان
A2: قطاع الطب الوقائي والصحة العامة | AB2: قطاع الطب الوقائي والصحة العامة | AW2: قطاع الطب الوقائي والصحة العامة
A3: الإدارة المركزية للصحة العامة | AB3: الإدارة المركزية للصحة العامة | AW3: الإدارة المركزية للصحة العامة
A4: الإدارة العامة لمكافحة الأمراض المعدية | AB4: الإدارة العامة لمكافحة الأمراض المعدية | AW4: الإدارة العامة لمكافحة الأمراض المعدية
A5: البرنامج الموسع للتطعيمات | AB5: البرنامج الموسع للتطعيمات | AW5: البرنامج الموسع للتطعيمات
A6: بيان باعداد المتطعمين و المتغيبين و الاثار الجانبية بالحملة القومية للتطعيم بطعم MR | AF6: البلاغ اليومى لحركة الطعوم بالحملة القومية للتطعيم بطعم MR | AY6: بيان المدارس و الحضانات بالحملة القومية للتطعيم بطعم MR
A7: مديرية الشئون الصحية / الإدارة الصحية / التاريخ / اليوم / | AJ7: مديرية الشئون الصحية / الإدارة الصحية / التاريخ/ اليوم / | BC7: مديرية الشئون الصحية / الإدارة الصحية / التاريخ/ اليوم /
A8: م | B8: اسم الوحدة/ مكتب الصحة | C8: المستهدف | D8: عدد الفرق | E8: المتطعمين المصريين | K8: المتطعمين غير المصريين | Q8: الاجمالى | S8: النسبة | T8: المتغيبين عن التطعيم | V8: المطعمين من المتغيبين | X8: الاثار الجانبية | AB8: م | AC8: اسم الوحدة | AD8: الرصيد اول اليوم | AE8: عدد الزجاجات الواردة | AG8: عدد الزجاجات المستهلكة | AI8: عدد الزجاجات المتبقية | AJ8: معدل الزجاجة اليوم | AK8: معدل الزجاجة حتي اليوم | AM8: مخزن طعوم الادارة | AN8: التشغيلة | AO8: الرصيد اول اليوم | AP8: عدد الزجاجات الواردة | AR8: عدد الزجاجات المنصرفة | AT8: عدد الزجاجات المتبقية | AW8: اسم الوحدة | AX8: بيان المدارس | BD8: بيان الحضانات
E9: من 9 شهور لأقل من عام | G9: من عام لأقل من5 سنوات | I9: من 5 سنوات الى 10 سنة | K9: من 9 شهور لأقل من عام | M9: من عام لأقل من5 سنوات | O9: من 5 سنوات الى 10 سنة | AP9: اليوم | AQ9: حتى اليوم | AR9: اليوم | AS9: حتى اليوم | AX9: عدد المدارس | AY9: المستهدف | AZ9: عدد المدارس التي تم زيارتها حتى اليوم | BA9: عدد المتطعمين اليوم | BB9: عدد المتطعمين حتى اليوم | BC9: النسبة | BD9: عدد الحضانات | BE9: المستهدف | BF9: عدد الحضانات التي تم زيارتها حتى اليوم | BG9: عدد المتطعمين اليوم | BH9: عدد المتطعمين حتى اليوم | BI9: النسبة
E10: اليوم | F10: حتى اليوم | G10: اليوم | H10: حتى اليوم | I10: اليوم | J10: حتى اليوم | K10: اليوم | L10: حتى اليوم | M10: اليوم | N10: حتى اليوم | O10: اليوم | P10: حتى اليوم | Q10: اليوم | R10: حتى اليوم | T10: اليوم | U10: حتى اليوم | V10: اليوم | W10: حتى اليوم | X10: اليوم | Y10: حتى اليوم | AE10: اليوم | AF10: حتى اليوم | AG10: اليوم | AH10: حتى اليوم | AN10: ='7'!AN10 -> 0124W120 | AO10: ='7'!AT10 -> 48 | AQ10: =AP10+'7'!AQ10 -> 73 | AS10: =AR10+'7'!AS10 -> 25 | AT10: =AO10+AP10-AR10 -> 48
A11: 1 | B11: ='7'!B11 -> مكتب الصحة | C11: ='7'!C11 -> 12251 | F11: =E11+'7'!F11 -> 39 | H11: =G11+'7'!H11 -> 1961 | J11: =I11+'7'!J11 -> 5340 | L11: =K11+'7'!L11 -> 0 | N11: =M11+'7'!N11 -> 0 | P11: =O11+'7'!P11 -> 0 | Q11: =O11+M11+K11+I11+G11+E11 -> 0 | R11: =Q11+'7'!R11 -> 7340 | S11: =R11/C11 -> 0.59913476 | U11: =T11+'7'!U11 -> 1397 | W11: =V11+'7'!W11 -> 4 | Y11: =X11+'7'!Y11 -> 1 | AB11: 1 | AC11: ='7'!AC11 -> مكتب الصحة | AD11: ='7'!AI11 -> 333 | AF11: =AE11+'7'!AF11 -> 1082 | AH11: =AG11+'7'!AH11 -> 749 | AI11: =AD11+AE11-AG11 -> 333 | AJ11: =Q11/AG11 -> #DIV/0! | AK11: =R11/AH11 -> 9.799733 | AN11: ='7'!AN11 -> 420604325A | AO11: ='7'!AT11 -> 3076 | AQ11: =AP11+'7'!AQ11 -> 8550 | AS11: =AR11+'7'!AS11 -> 5474 | AT11: =AO11+AP11-AR11 -> 3076 | AW11: ='7'!AW11 -> مكتب الصحة | AX11: ='7'!AX11 -> 11 | AY11: ='7'!AY11 -> 8411 | BB11: =BA11+'7'!BB11 -> 5998 | BC11: =BB11/AY11 -> 0.71311378 | BD11: ='7'!BD11 -> 27 | BE11: ='7'!BE11 -> 1746 | BH11: =BG11+'7'!BH11 -> 477 | BI11: =BH11/BE11 -> 0.27319588
A12: 2 | B12: ='7'!B12 -> شبرابخـــــــــــوم | C12: ='7'!C12 -> 4445 | F12: =E12+'7'!F12 -> 14 | H12: =G12+'7'!H12 -> 392 | J12: =I12+'7'!J12 -> 1857 | L12: =K12+'7'!L12 -> 0 | N12: =M12+'7'!N12 -> 0 | P12: =O12+'7'!P12 -> 0 | Q12: =O12+M12+K12+I12+G12+E12 -> 0 | R12: =Q12+'7'!R12 -> 2263 | S12: =R12/C12 -> 0.50911136 | U12: =T12+'7'!U12 -> 373 | W12: =V12+'7'!W12 -> 15 | Y12: =X12+'7'!Y12 -> 0 | AB12: 2 | AC12: ='7'!AC12 -> شبرابخـــــــــــوم | AD12: ='7'!AI12 -> 158 | AF12: =AE12+'7'!AF12 -> 390 | AH12: =AG12+'7'!AH12 -> 232 | AI12: =AD12+AE12-AG12 -> 158 | AJ12: =Q12/AG12 -> #DIV/0! | AK12: =R12/AH12 -> 9.7543103 | AN12: ='7'!AN12 -> 420604225A | AO12: ='7'!AT12 -> 100 | AQ12: =AP12+'7'!AQ12 -> 100 | AS12: =AR12+'7'!AS12 -> 0 | AT12: =AO12+AP12-AR12 -> 100 | AW12: ='7'!AW12 -> شبرابخـــــــــــوم | AX12: ='7'!AX12 -> 6 | AY12: ='7'!AY12 -> 2215 | BB12: =BA12+'7'!BB12 -> 2306 | BC12: =BB12/AY12 -> 1.0410835 | BD12: ='7'!BD12 -> 16 | BE12: ='7'!BE12 -> 729 | BH12: =BG12+'7'!BH12 -> 224 | BI12: =BH12/BE12 -> 0.30727023
A13: 3 | B13: ='7'!B13 -> ميت بره | C13: ='7'!C13 -> 11614 | F13: =E13+'7'!F13 -> 45 | H13: =G13+'7'!H13 -> 465 | J13: =I13+'7'!J13 -> 3703 | L13: =K13+'7'!L13 -> 0 | N13: =M13+'7'!N13 -> 0 | P13: =O13+'7'!P13 -> 0 | Q13: =O13+M13+K13+I13+G13+E13 -> 0 | R13: =Q13+'7'!R13 -> 4213 | S13: =R13/C13 -> 0.36275185 | U13: =T13+'7'!U13 -> 641 | W13: =V13+'7'!W13 -> 0 | Y13: =X13+'7'!Y13 -> 0 | AB13: 3 | AC13: ='7'!AC13 -> ميت بره | AD13: ='7'!AI13 -> 584 | AF13: =AE13+'7'!AF13 -> 1020 | AH13: =AG13+'7'!AH13 -> 436 | AI13: =AD13+AE13-AG13 -> 584 | AJ13: =Q13/AG13 -> #DIV/0! | AK13: =R13/AH13 -> 9.662844 | AN13: اجمالي المخزن | AO13: =SUM(AO10:AO12) -> 3224 | AP13: =SUM(AP10:AP12) -> 0 | AQ13: =SUM(AQ10:AQ12) -> 8723 | AR13: =SUM(AR10:AR12) -> 0 | AS13: =SUM(AS10:AS12) -> 5499 | AT13: =SUM(AT10:AT12) -> 3224 | AW13: ='7'!AW13 -> ميت بره | AX13: ='7'!AX13 -> 8 | AY13: ='7'!AY13 -> 4849 | BB13: =BA13+'7'!BB13 -> 4093 | BC13: =BB13/AY13 -> 0.84409157 | BD13: ='7'!BD13 -> 21 | BE13: ='7'!BE13 -> 1129 | BH13: =BG13+'7'!BH13 -> 128 | BI13: =BH13/BE13 -> 0.11337467
A14: 4 | B14: ='7'!B14 -> أبنــــــــــــــــهس | C14: ='7'!C14 -> 5029 | F14: =E14+'7'!F14 -> 14 | H14: =G14+'7'!H14 -> 349 | J14: =I14+'7'!J14 -> 2016 | L14: =K14+'7'!L14 -> 0 | N14: =M14+'7'!N14 -> 0 | P14: =O14+'7'!P14 -> 0 | Q14: =O14+M14+K14+I14+G14+E14 -> 0 | R14: =Q14+'7'!R14 -> 2379 | S14: =R14/C14 -> 0.47305627 | U14: =T14+'7'!U14 -> 341 | W14: =V14+'7'!W14 -> 29 | Y14: =X14+'7'!Y14 -> 0 | AB14: 4 | AC14: ='7'!AC14 -> أبنــــــــــــــــهس | AD14: ='7'!AI14 -> 196 | AF14: =AE14+'7'!AF14 -> 440 | AH14: =AG14+'7'!AH14 -> 244 | AI14: =AD14+AE14-AG14 -> 196 | AJ14: =Q14/AG14 -> #DIV/0! | AK14: =R14/AH14 -> 9.75 | AM14: احمالي الوحدات ومخزن الادارة | AT14: =AT13+AI51 -> 6357 | AW14: ='7'!AW14 -> أبنــــــــــــــــهس | AX14: ='7'!AX14 -> 7 | AY14: ='7'!AY14 -> 2531 | BB14: =BA14+'7'!BB14 -> 2092 | BC14: =BB14/AY14 -> 0.82655077 | BD14: ='7'!BD14 -> 23 | BE14: ='7'!BE14 -> 921 | BH14: =BG14+'7'!BH14 -> 287 | BI14: =BH14/BE14 -> 0.31161781
A15: 5 | B15: ='7'!B15 -> ميت ســـــــــراج | C15: ='7'!C15 -> 2369 | F15: =E15+'7'!F15 -> 4 | H15: =G15+'7'!H15 -> 472 | J15: =I15+'7'!J15 -> 839 | L15: =K15+'7'!L15 -> 0 | N15: =M15+'7'!N15 -> 0 | P15: =O15+'7'!P15 -> 0 | Q15: =O15+M15+K15+I15+G15+E15 -> 0 | R15: =Q15+'7'!R15 -> 1315 | S15: =R15/C15 -> 0.55508653 | U15: =T15+'7'!U15 -> 105 | W15: =V15+'7'!W15 -> 37 | Y15: =X15+'7'!Y15 -> 0 | AB15: 5 | AC15: ='7'!AC15 -> ميت ســـــــــراج | AD15: ='7'!AI15 -> 74 | AF15: =AE15+'7'!AF15 -> 209 | AH15: =AG15+'7'!AH15 -> 135 | AI15: =AD15+AE15-AG15 -> 74 | AJ15: =Q15/AG15 -> #DIV/0! | AK15: =R15/AH15 -> 9.7407407 | AW15: ='7'!AW15 -> ميت ســـــــــراج | AX15: ='7'!AX15 -> 2 | AY15: ='7'!AY15 -> 1041 | BB15: =BA15+'7'!BB15 -> 874 | BC15: =BB15/AY15 -> 0.83957733 | BD15: ='7'!BD15 -> 5 | BE15: ='7'!BE15 -> 310 | BH15: =BG15+'7'!BH15 -> 385 | BI15: =BH15/BE15 -> 1.2419355
A16: 6 | B16: ='7'!B16 -> أم خــــــــــــــنان | C16: ='7'!C16 -> 4900 | F16: =E16+'7'!F16 -> 11 | H16: =G16+'7'!H16 -> 280 | J16: =I16+'7'!J16 -> 1942 | L16: =K16+'7'!L16 -> 0 | N16: =M16+'7'!N16 -> 0 | P16: =O16+'7'!P16 -> 0 | Q16: =O16+M16+K16+I16+G16+E16 -> 0 | R16: =Q16+'7'!R16 -> 2233 | S16: =R16/C16 -> 0.45571429 | U16: =T16+'7'!U16 -> 375 | W16: =V16+'7'!W16 -> 0 | Y16: =X16+'7'!Y16 -> 0 | AB16: 6 | AC16: ='7'!AC16 -> أم خــــــــــــــنان | AD16: ='7'!AI16 -> 204 | AF16: =AE16+'7'!AF16 -> 430 | AH16: =AG16+'7'!AH16 -> 226 | AI16: =AD16+AE16-AG16 -> 204 | AJ16: =Q16/AG16 -> #DIV/0! | AK16: =R16/AH16 -> 9.880531 | AW16: ='7'!AW16 -> أم خــــــــــــــنان | AX16: ='7'!AX16 -> 8 | AY16: ='7'!AY16 -> 2981 | BB16: =BA16+'7'!BB16 -> 2132 | BC16: =BB16/AY16 -> 0.71519624 | BD16: ='7'!BD16 -> 12 | BE16: ='7'!BE16 -> 1313 | BH16: =BG16+'7'!BH16 -> 0 | BI16: =BH16/BE16 -> 0
A17: 7 | B17: ='7'!B17 -> أجهور الرمل | C17: ='7'!C17 -> 3590 | F17: =E17+'7'!F17 -> 17 | H17: =G17+'7'!H17 -> 591 | J17: =I17+'7'!J17 -> 1489 | L17: =K17+'7'!L17 -> 0 | N17: =M17+'7'!N17 -> 0 | P17: =O17+'7'!P17 -> 0 | Q17: =O17+M17+K17+I17+G17+E17 -> 0 | R17: =Q17+'7'!R17 -> 2097 | S17: =R17/C17 -> 0.58412256 | U17: =T17+'7'!U17 -> 360 | W17: =V17+'7'!W17 -> 121 | Y17: =X17+'7'!Y17 -> 0 | AB17: 7 | AC17: ='7'!AC17 -> أجهور الرمل | AD17: ='7'!AI17 -> 100 | AF17: =AE17+'7'!AF17 -> 316 | AH17: =AG17+'7'!AH17 -> 216 | AI17: =AD17+AE17-AG17 -> 100 | AJ17: =Q17/AG17 -> #DIV/0! | AK17: =R17/AH17 -> 9.7083333 | AW17: ='7'!AW17 -> أجهور الرمل | AX17: ='7'!AX17 -> 4 | AY17: ='7'!AY17 -> 1796 | BB17: =BA17+'7'!BB17 -> 1422 | BC17: =BB17/AY17 -> 0.79175947 | BD17: ='7'!BD17 -> 3 | BE17: ='7'!BE17 -> 100 | BH17: =BG17+'7'!BH17 -> 441 | BI17: =BH17/BE17 -> 4.41
A18: 8 | B18: ='7'!B18 -> منشأة دمــــــــــلو | C18: ='7'!C18 -> 1320 | F18: =E18+'7'!F18 -> 18 | H18: =G18+'7'!H18 -> 528 | J18: =I18+'7'!J18 -> 704 | L18: =K18+'7'!L18 -> 0 | N18: =M18+'7'!N18 -> 0 | P18: =O18+'7'!P18 -> 0 | Q18: =O18+M18+K18+I18+G18+E18 -> 0 | R18: =Q18+'7'!R18 -> 1250 | S18: =R18/C18 -> 0.9469697 | U18: =T18+'7'!U18 -> 175 | W18: =V18+'7'!W18 -> 38 | Y18: =X18+'7'!Y18 -> 0 | AB18: 8 | AC18: ='7'!AC18 -> منشأة دمــــــــــلو | AD18: ='7'!AI18 -> 4 | AF18: =AE18+'7'!AF18 -> 135 | AH18: =AG18+'7'!AH18 -> 131 | AI18: =AD18+AE18-AG18 -> 4 | AJ18: =Q18/AG18 -> #DIV/0! | AK18: =R18/AH18 -> 9.5419847 | AW18: ='7'!AW18 -> منشأة دمــــــــــلو | AX18: ='7'!AX18 -> 2 | AY18: ='7'!AY18 -> 896 | BB18: =BA18+'7'!BB18 -> 748 | BC18: =BB18/AY18 -> 0.83482143 | BD18: ='7'!BD18 -> 8 | BE18: ='7'!BE18 -> 340 | BH18: =BG18+'7'!BH18 -> 328 | BI18: =BH18/BE18 -> 0.96470588
A19: 9 | B19: ='7'!B19 -> شـــــــــــــرانيس | C19: ='7'!C19 -> 1414 | F19: =E19+'7'!F19 -> 11 | H19: =G19+'7'!H19 -> 359 | J19: =I19+'7'!J19 -> 618 | L19: =K19+'7'!L19 -> 0 | N19: =M19+'7'!N19 -> 0 | P19: =O19+'7'!P19 -> 0 | Q19: =O19+M19+K19+I19+G19+E19 -> 0 | R19: =Q19+'7'!R19 -> 988 | S19: =R19/C19 -> 0.69872702 | U19: =T19+'7'!U19 -> 143 | W19: =V19+'7'!W19 -> 0 | Y19: =X19+'7'!Y19 -> 0 | AB19: 9 | AC19: ='7'!AC19 -> شـــــــــــــرانيس | AD19: ='7'!AI19 -> 22 | AF19: =AE19+'7'!AF19 -> 125 | AH19: =AG19+'7'!AH19 -> 103 | AI19: =AD19+AE19-AG19 -> 22 | AJ19: =Q19/AG19 -> #DIV/0! | AK19: =R19/AH19 -> 9.592233 | AW19: ='7'!AW19 -> شـــــــــــــرانيس | AX19: ='7'!AX19 -> 2 | AY19: ='7'!AY19 -> 675 | BB19: =BA19+'7'!BB19 -> 569 | BC19: =BB19/AY19 -> 0.84296296 | BD19: ='7'!BD19 -> 2 | BE19: ='7'!BE19 -> 397 | BH19: =BG19+'7'!BH19 -> 349 | BI19: =BH19/BE19 -> 0.8790932
A20: 10 | B20: ='7'!B20 -> قويســـــــــنا البلد | C20: ='7'!C20 -> 4115 | F20: =E20+'7'!F20 -> 27 | H20: =G20+'7'!H20 -> 406 | J20: =I20+'7'!J20 -> 1286 | L20: =K20+'7'!L20 -> 0 | N20: =M20+'7'!N20 -> 0 | P20: =O20+'7'!P20 -> 0 | Q20: =O20+M20+K20+I20+G20+E20 -> 0 | R20: =Q20+'7'!R20 -> 1719 | S20: =R20/C20 -> 0.41773998 | U20: =T20+'7'!U20 -> 405 | W20: =V20+'7'!W20 -> 144 | Y20: =X20+'7'!Y20 -> 0 | AB20: 10 | AC20: ='7'!AC20 -> قويســـــــــنا البلد | AD20: ='7'!AI20 -> 185 | AF20: =AE20+'7'!AF20 -> 360 | AH20: =AG20+'7'!AH20 -> 175 | AI20: =AD20+AE20-AG20 -> 185 | AJ20: =Q20/AG20 -> #DIV/0! | AK20: =R20/AH20 -> 9.8228571 | AW20: ='7'!AW20 -> قويســـــــــنا البلد | AX20: ='7'!AX20 -> 2 | AY20: ='7'!AY20 -> 1539 | BB20: =BA20+'7'!BB20 -> 1355 | BC20: =BB20/AY20 -> 0.88044185 | BD20: ='7'!BD20 -> 7 | BE20: ='7'!BE20 -> 580 | BH20: =BG20+'7'!BH20 -> 204 | BI20: =BH20/BE20 -> 0.35172414
A21: 11 | B21: ='7'!B21 -> بجيرم | C21: ='7'!C21 -> 1782 | F21: =E21+'7'!F21 -> 8 | H21: =G21+'7'!H21 -> 406 | J21: =I21+'7'!J21 -> 755 | L21: =K21+'7'!L21 -> 0 | N21: =M21+'7'!N21 -> 0 | P21: =O21+'7'!P21 -> 0 | Q21: =O21+M21+K21+I21+G21+E21 -> 0 | R21: =Q21+'7'!R21 -> 1169 | S21: =R21/C21 -> 0.65600449 | U21: =T21+'7'!U21 -> 126 | W21: =V21+'7'!W21 -> 44 | Y21: =X21+'7'!Y21 -> 0 | AB21: 11 | AC21: ='7'!AC21 -> بجيرم | AD21: ='7'!AI21 -> 37 | AF21: =AE21+'7'!AF21 -> 157 | AH21: =AG21+'7'!AH21 -> 120 | AI21: =AD21+AE21-AG21 -> 37 | AJ21: =Q21/AG21 -> #DIV/0! | AK21: =R21/AH21 -> 9.7416667 | AW21: ='7'!AW21 -> بجيرم | AX21: ='7'!AX21 -> 4 | AY21: ='7'!AY21 -> 946 | BB21: =BA21+'7'!BB21 -> 823 | BC21: =BB21/AY21 -> 0.86997886 | BD21: ='7'!BD21 -> 4 | BE21: ='7'!BE21 -> 99 | BH21: =BG21+'7'!BH21 -> 99 | BI21: =BH21/BE21 -> 1
A22: 12 | B22: ='7'!B22 -> كفر بنى غريـــان | C22: ='7'!C22 -> 2184 | F22: =E22+'7'!F22 -> 12 | H22: =G22+'7'!H22 -> 471 | J22: =I22+'7'!J22 -> 971 | L22: =K22+'7'!L22 -> 0 | N22: =M22+'7'!N22 -> 0 | P22: =O22+'7'!P22 -> 0 | Q22: =O22+M22+K22+I22+G22+E22 -> 0 | R22: =Q22+'7'!R22 -> 1454 | S22: =R22/C22 -> 0.66575092 | U22: =T22+'7'!U22 -> 174 | W22: =V22+'7'!W22 -> 7 | Y22: =X22+'7'!Y22 -> 0 | AB22: 12 | AC22: ='7'!AC22 -> كفر بنى غريـــان | AD22: ='7'!AI22 -> 42 | AF22: =AE22+'7'!AF22 -> 192 | AH22: =AG22+'7'!AH22 -> 150 | AI22: =AD22+AE22-AG22 -> 42 | AJ22: =Q22/AG22 -> #DIV/0! | AK22: =R22/AH22 -> 9.6933333 | AW22: ='7'!AW22 -> كفر بنى غريـــان | AX22: ='7'!AX22 -> 3 | AY22: ='7'!AY22 -> 1327 | BB22: =BA22+'7'!BB22 -> 994 | BC22: =BB22/AY22 -> 0.74905803 | BD22: ='7'!BD22 -> 9 | BE22: ='7'!BE22 -> 381 | BH22: =BG22+'7'!BH22 -> 387 | BI22: =BH22/BE22 -> 1.015748
A23: 13 | B23: ='7'!B23 -> بــقســـــــــــــــــا | C23: ='7'!C23 -> 862 | F23: =E23+'7'!F23 -> 8 | H23: =G23+'7'!H23 -> 160 | J23: =I23+'7'!J23 -> 359 | L23: =K23+'7'!L23 -> 0 | N23: =M23+'7'!N23 -> 0 | P23: =O23+'7'!P23 -> 0 | Q23: =O23+M23+K23+I23+G23+E23 -> 0 | R23: =Q23+'7'!R23 -> 527 | S23: =R23/C23 -> 0.61136891 | U23: =T23+'7'!U23 -> 36 | W23: =V23+'7'!W23 -> 14 | Y23: =X23+'7'!Y23 -> 0 | AB23: 13 | AC23: ='7'!AC23 -> بــقســـــــــــــــــا | AD23: ='7'!AI23 -> 22 | AF23: =AE23+'7'!AF23 -> 75 | AH23: =AG23+'7'!AH23 -> 53 | AI23: =AD23+AE23-AG23 -> 22 | AJ23: =Q23/AG23 -> #DIV/0! | AK23: =R23/AH23 -> 9.9433962 | AW23: ='7'!AW23 -> بــقســـــــــــــــــا | AX23: ='7'!AX23 -> 1 | AY23: ='7'!AY23 -> 311 | BB23: =BA23+'7'!BB23 -> 297 | BC23: =BB23/AY23 -> 0.95498392 | BD23: ='7'!BD23 -> 1 | BE23: ='7'!BE23 -> 40 | BH23: =BG23+'7'!BH23 -> 30 | BI23: =BH23/BE23 -> 0.75
A24: 14 | B24: ='7'!B24 -> كفــــــــر الأكرم | C24: ='7'!C24 -> 918 | F24: =E24+'7'!F24 -> 3 | H24: =G24+'7'!H24 -> 233 | J24: =I24+'7'!J24 -> 392 | L24: =K24+'7'!L24 -> 0 | N24: =M24+'7'!N24 -> 0 | P24: =O24+'7'!P24 -> 0 | Q24: =O24+M24+K24+I24+G24+E24 -> 0 | R24: =Q24+'7'!R24 -> 628 | S24: =R24/C24 -> 0.68409586 | U24: =T24+'7'!U24 -> 87 | W24: =V24+'7'!W24 -> 9 | Y24: =X24+'7'!Y24 -> 0 | AB24: 14 | AC24: ='7'!AC24 -> كفــــــــر الأكرم | AD24: ='7'!AI24 -> 15 | AF24: =AE24+'7'!AF24 -> 80 | AH24: =AG24+'7'!AH24 -> 65 | AI24: =AD24+AE24-AG24 -> 15 | AJ24: =Q24/AG24 -> #DIV/0! | AK24: =R24/AH24 -> 9.6615385 | AW24: ='7'!AW24 -> كفــــــــر الأكرم | AX24: ='7'!AX24 -> 2 | AY24: ='7'!AY24 -> 540 | BB24: =BA24+'7'!BB24 -> 380 | BC24: =BB24/AY24 -> 0.7037037 | BD24: ='7'!BD24 -> 2 | BE24: ='7'!BE24 -> 115 | BH24: =BG24+'7'!BH24 -> 160 | BI24: =BH24/BE24 -> 1.3913043
A25: 15 | B25: ='7'!B25 -> كفـــــــــر إبنهس | C25: ='7'!C25 -> 2072 | F25: =E25+'7'!F25 -> 6 | H25: =G25+'7'!H25 -> 345 | J25: =I25+'7'!J25 -> 974 | L25: =K25+'7'!L25 -> 0 | N25: =M25+'7'!N25 -> 0 | P25: =O25+'7'!P25 -> 0 | Q25: =O25+M25+K25+I25+G25+E25 -> 0 | R25: =Q25+'7'!R25 -> 1325 | S25: =R25/C25 -> 0.63947876 | U25: =T25+'7'!U25 -> 173 | W25: =V25+'7'!W25 -> 50 | Y25: =X25+'7'!Y25 -> 0 | AB25: 15 | AC25: ='7'!AC25 -> كفـــــــــر إبنهس | AD25: ='7'!AI25 -> 31 | AF25: =AE25+'7'!AF25 -> 180 | AH25: =AG25+'7'!AH25 -> 149 | AI25: =AD25+AE25-AG25 -> 31 | AJ25: =Q25/AG25 -> #DIV/0! | AK25: =R25/AH25 -> 8.8926174 | AW25: ='7'!AW25 -> كفـــــــــر إبنهس | AX25: ='7'!AX25 -> 3 | AY25: ='7'!AY25 -> 1013 | BB25: =BA25+'7'!BB25 -> 838 | BC25: =BB25/AY25 -> 0.8272458 | BD25: ='7'!BD25 -> 4 | BE25: ='7'!BE25 -> 620 | BH25: =BG25+'7'!BH25 -> 507 | BI25: =BH25/BE25 -> 0.81774194
